SDE,filename
9.66229434113358,"9,66229434113358_TIC_269407223_m_BiWeight-w=0,5_s_1,png"
11.053567676970328,"11,053567676970328_TIC_467615807_m_LombScargle-n=2_s_0,png"
10.16937755247315,"10,16937755247315_TIC_284174282_m_LombScargle-n=2_s_0,png"
16.62212429830727,"16,62212429830727_TIC_385558153_m_BiWeight-w=0,5_s_0,png"
10.458664528954609,"10,458664528954609_TIC_402215682_m_LombScargle-n=2_s_0,png"
15.879297025765831,"15,879297025765831_TIC_337941105_m_BiWeight-w=0,5_s_0,png"
9.67428089182947,"9,67428089182947_TIC_461995467_m_BiWeight-w=0,5_s_0,png"
10.605154311673822,"10,605154311673822_TIC_366754094_m_BiWeight-w=0,5_s_0,png"
17.871177010165038,"17,871177010165038_TIC_76458127_m_BiWeight-w=0,5_s_0,png"
15.815150943585444,"15,815150943585444_TIC_93549438_m_BiWeight-w=0,5_s_1,png"
21.596186222025526,"21,596186222025526_TIC_270622446_m_BiWeight-w=0,5_s_0,png"
13.414181852606708,"13,414181852606708_TIC_438369767_m_BiWeight-w=0,5_s_0,png"
11.92224047408802,"11,92224047408802_TIC_365463267_m_BiWeight-w=0,5_s_2,png"
15.45472928174623,"15,45472928174623_TIC_405513314_m_BiWeight-w=0,5_s_1,png"
11.415335868772964,"11,415335868772964_TIC_345395031_m_BiWeight-w=0,5_s_0,png"
13.002949609544991,"13,002949609544991_TIC_261993378_m_BiWeight-w=0,5_s_1,png"
10.30425044094715,"10,30425044094715_TIC_118413949_m_BiWeight-w=0,5_s_2,png"
26.62590091279215,"26,62590091279215_TIC_157459952_m_BiWeight-w=0,5_s_0,png"
16.724559213973837,"16,724559213973837_TIC_453856042_m_LombScargle-n=2_s_0,png"
15.75244818582496,"15,75244818582496_TIC_378413560_m_BiWeight-w=0,5_s_0,png"
11.357192996535726,"11,357192996535726_TIC_247744207_m_BiWeight-w=0,5_s_0,png"
14.00257964785381,"14,00257964785381_TIC_294353348_m_LombScargle-n=2_s_0,png"
10.37409469830154,"10,37409469830154_TIC_61530691_m_LombScargle-n=2_s_0,png"
9.586036234640428,"9,586036234640428_TIC_406478187_m_BiWeight-w=0,5_s_0,png"
11.291505327275637,"11,291505327275637_TIC_462741769_m_BiWeight-w=0,5_s_0,png"
9.255986152093394,"9,255986152093394_TIC_6654810_m_BiWeight-w=0,5_s_0,png"
17.61309360349952,"17,61309360349952_TIC_360631514_m_BiWeight-w=0,5_s_1,png"
15.002660327389131,"15,002660327389131_TIC_451949522_m_BiWeight-w=0,5_s_0,png"
9.697328149660407,"9,697328149660407_TIC_59086912_m_LombScargle-n=2_s_0,png"
10.29998095911974,"10,29998095911974_TIC_445922350_m_BiWeight-w=0,5_s_0,png"
14.43119448630522,"14,43119448630522_TIC_408525991_m_LombScargle-n=2_s_0,png"
18.60532379560236,"18,60532379560236_TIC_46238307_m_BiWeight-w=0,5_s_0,png"
14.12217830402895,"14,12217830402895_TIC_148917425_m_LombScargle-n=2_s_3,png"
15.099550767410834,"15,099550767410834_TIC_372811413_m_BiWeight-w=0,5_s_1,png"
9.653544669364893,"9,653544669364893_TIC_414937822_m_LombScargle-n=2_s_0,png"
15.671704969582589,"15,671704969582589_TIC_387970756_m_BiWeight-w=0,5_s_0,png"
11.916695218835788,"11,916695218835788_TIC_127025883_m_BiWeight-w=0,5_s_1,png"
43.53670998516053,"43,53670998516053_TIC_97356407_m_BiWeight-w=0,5_s_0,png"
9.20856684854244,"9,20856684854244_TIC_431903358_m_BiWeight-w=0,5_s_0,png"
14.652253846367133,"14,652253846367133_TIC_118550984_m_BiWeight-w=0,5_s_0,png"
9.263548089746998,"9,263548089746998_TIC_387801208_m_BiWeight-w=0,5_s_0,png"
12.820988996882807,"12,820988996882807_TIC_19395676_m_BiWeight-w=0,5_s_0,png"
18.228996743095788,"18,228996743095788_TIC_231311328_m_LombScargle-n=2_s_0,png"
31.681824219599807,"31,681824219599807_TIC_1718077158_m_BiWeight-w=0,5_s_1,png"
18.34469564380793,"18,34469564380793_TIC_434293690_m_BiWeight-w=0,5_s_0,png"
24.42281886950325,"24,42281886950325_TIC_230225513_m_BiWeight-w=0,5_s_0,png"
13.237359107501566,"13,237359107501566_TIC_62317850_m_BiWeight-w=0,5_s_0,png"
13.582854462237028,"13,582854462237028_TIC_59277787_m_BiWeight-w=0,5_s_0,png"
10.77560344468726,"10,77560344468726_TIC_454142682_m_BiWeight-w=0,5_s_0,png"
9.287076051224757,"9,287076051224757_TIC_118555069_m_LombScargle-n=2_s_0,png"
9.928019180843927,"9,928019180843927_TIC_449911089_m_BiWeight-w=0,5_s_0,png"
11.020720412696624,"11,020720412696624_TIC_448585725_m_BiWeight-w=0,5_s_0,png"
9.349214517132786,"9,349214517132786_TIC_287132854_m_LombScargle-n=2_s_2,png"
28.84387199088594,"28,84387199088594_TIC_359357695_m_BiWeight-w=0,5_s_0,png"
13.386983175320388,"13,386983175320388_TIC_74073928_m_BiWeight-w=0,5_s_0,png"
9.434814730379648,"9,434814730379648_TIC_160329609_m_LombScargle-n=2_s_1,png"
12.672232441468475,"12,672232441468475_TIC_58108662_m_LombScargle-n=2_s_0,png"
18.77072088214875,"18,77072088214875_TIC_62008809_m_BiWeight-w=0,5_s_0,png"
29.665234801120413,"29,665234801120413_TIC_264599508_m_BiWeight-w=0,5_s_2,png"
11.280811235942185,"11,280811235942185_TIC_244168847_m_LombScargle-n=2_s_0,png"
11.628541463501708,"11,628541463501708_TIC_159150734_m_LombScargle-n=2_s_1,png"
10.700873051187394,"10,700873051187394_TIC_245786865_m_BiWeight-w=0,5_s_0,png"
18.59020547434525,"18,59020547434525_TIC_371470903_m_BiWeight-w=0,5_s_0,png"
10.793515817349665,"10,793515817349665_TIC_267760642_m_LombScargle-n=2_s_0,png"
9.909849504561182,"9,909849504561182_TIC_311091687_m_BiWeight-w=0,5_s_0,png"
10.587993551266514,"10,587993551266514_TIC_385552485_m_LombScargle-n=2_s_0,png"
14.15883855120462,"14,15883855120462_TIC_302545769_m_LombScargle-n=2_s_0,png"
12.418668253424691,"12,418668253424691_TIC_258377831_m_BiWeight-w=0,5_s_0,png"
16.494913889266858,"16,494913889266858_TIC_58084670_m_LombScargle-n=2_s_0,png"
11.5831077193502,"11,5831077193502_TIC_415366925_m_BiWeight-w=0,5_s_0,png"
9.711118262816118,"9,711118262816118_TIC_58606910_m_BiWeight-w=0,5_s_0,png"
9.528306096327238,"9,528306096327238_TIC_250443621_m_BiWeight-w=0,5_s_0,png"
15.15159595734663,"15,15159595734663_TIC_323354786_m_BiWeight-w=0,5_s_1,png"
16.379962644026417,"16,379962644026417_TIC_452406965_m_LombScargle-n=2_s_0,png"
14.36655176308846,"14,36655176308846_TIC_61947631_m_LombScargle-n=2_s_0,png"
13.568914555616194,"13,568914555616194_TIC_141146667_m_BiWeight-w=0,5_s_0,png"
9.972078103359754,"9,972078103359754_TIC_435918924_m_LombScargle-n=2_s_0,png"
11.384735831606136,"11,384735831606136_TIC_416647858_m_BiWeight-w=0,5_s_0,png"
14.588907387349726,"14,588907387349726_TIC_302537505_m_BiWeight-w=0,5_s_2,png"
17.350493686856503,"17,350493686856503_TIC_303048907_m_LombScargle-n=2_s_0,png"
11.288964012888789,"11,288964012888789_TIC_262436575_m_BiWeight-w=0,5_s_1,png"
9.999034716839152,"9,999034716839152_TIC_15138442_m_BiWeight-w=0,5_s_0,png"
22.84184201233572,"22,84184201233572_TIC_60922830_m_LombScargle-n=2_s_1,png"
22.437392796483337,"22,437392796483337_TIC_302417238_m_BiWeight-w=0,5_s_1,png"
17.58924580057855,"17,58924580057855_TIC_60007502_m_LombScargle-n=2_s_0,png"
10.615518739156832,"10,615518739156832_TIC_452742300_m_BiWeight-w=0,5_s_0,png"
9.553112189530674,"9,553112189530674_TIC_390441711_m_BiWeight-w=0,5_s_1,png"
9.200533212992797,"9,200533212992797_TIC_458416264_m_LombScargle-n=2_s_0,png"
11.513922794648703,"11,513922794648703_TIC_405520863_m_BiWeight-w=0,5_s_1,png"
10.491583018880393,"10,491583018880393_TIC_121049033_m_BiWeight-w=0,5_s_1,png"
9.45066490612772,"9,45066490612772_TIC_283706720_m_BiWeight-w=0,5_s_0,png"
10.92846752460292,"10,92846752460292_TIC_6743108_m_BiWeight-w=0,5_s_0,png"
27.544906312311,"27,544906312311_TIC_423954063_m_BiWeight-w=0,5_s_0,png"
10.857963513408698,"10,857963513408698_TIC_360156606_m_LombScargle-n=2_s_0,png"
38.01096623971632,"38,01096623971632_TIC_349005337_m_LombScargle-n=2_s_0,png"
11.401856635343057,"11,401856635343057_TIC_27088241_m_LombScargle-n=2_s_0,png"
9.718361792522805,"9,718361792522805_TIC_175689544_m_BiWeight-w=0,5_s_1,png"
14.87639012915058,"14,87639012915058_TIC_245786004_m_BiWeight-w=0,5_s_0,png"
10.313817799177029,"10,313817799177029_TIC_261950212_m_BiWeight-w=0,5_s_0,png"
11.918588021824275,"11,918588021824275_TIC_317096584_m_LombScargle-n=2_s_1,png"
11.86605244250086,"11,86605244250086_TIC_408564933_m_LombScargle-n=2_s_0,png"
10.768275594576751,"10,768275594576751_TIC_103101099_m_BiWeight-w=0,5_s_0,png"
9.574354945515188,"9,574354945515188_TIC_323292484_m_BiWeight-w=0,5_s_0,png"
11.14106950607065,"11,14106950607065_TIC_68648156_m_LombScargle-n=2_s_0,png"
19.30223749548806,"19,30223749548806_TIC_285726969_m_BiWeight-w=0,5_s_0,png"
15.090681402896188,"15,090681402896188_TIC_123884409_m_LombScargle-n=2_s_0,png"
15.329792544453674,"15,329792544453674_TIC_26987416_m_BiWeight-w=0,5_s_1,png"
22.377609661026423,"22,377609661026423_TIC_399932963_m_BiWeight-w=0,5_s_0,png"
14.838809878567712,"14,838809878567712_TIC_346543450_m_BiWeight-w=0,5_s_0,png"
11.799864473737433,"11,799864473737433_TIC_446022655_m_BiWeight-w=0,5_s_0,png"
17.578824916410127,"17,578824916410127_TIC_113880397_m_BiWeight-w=0,5_s_0,png"
9.956395548973608,"9,956395548973608_TIC_442571495_m_BiWeight-w=0,5_s_1,png"
14.767084087460994,"14,767084087460994_TIC_267950412_m_LombScargle-n=2_s_0,png"
12.4749966215251,"12,4749966215251_TIC_25840253_m_LombScargle-n=2_s_0,png"
10.370844967838046,"10,370844967838046_TIC_298854183_m_BiWeight-w=0,5_s_0,png"
10.366006948091,"10,366006948091_TIC_453510797_m_LombScargle-n=2_s_1,png"
18.136157617647388,"18,136157617647388_TIC_247465254_m_BiWeight-w=0,5_s_0,png"
10.328839996123795,"10,328839996123795_TIC_230091561_m_LombScargle-n=2_s_2,png"
16.59551502336232,"16,59551502336232_TIC_388814426_m_BiWeight-w=0,5_s_2,png"
38.62833145889851,"38,62833145889851_TIC_401299019_m_LombScargle-n=2_s_1,png"
9.727107726982885,"9,727107726982885_TIC_63359522_m_LombScargle-n=2_s_0,png"
14.22219055049792,"14,22219055049792_TIC_258798086_m_BiWeight-w=0,5_s_0,png"
24.000353474293732,"24,000353474293732_TIC_412200234_m_BiWeight-w=0,5_s_0,png"
12.477660959986476,"12,477660959986476_TIC_359997243_m_LombScargle-n=2_s_0,png"
10.702815272239722,"10,702815272239722_TIC_280675564_m_LombScargle-n=2_s_1,png"
10.609752028647808,"10,609752028647808_TIC_18547998_m_BiWeight-w=0,5_s_0,png"
11.991187424669496,"11,991187424669496_TIC_175604551_m_BiWeight-w=0,5_s_0,png"
19.805577291572085,"19,805577291572085_TIC_435312652_m_BiWeight-w=0,5_s_0,png"
10.696938615829954,"10,696938615829954_TIC_446078921_m_BiWeight-w=0,5_s_0,png"
11.728584789777372,"11,728584789777372_TIC_36762220_m_BiWeight-w=0,5_s_0,png"
18.44655410867768,"18,44655410867768_TIC_118964087_m_BiWeight-w=0,5_s_0,png"
9.87062086211406,"9,87062086211406_TIC_435306355_m_LombScargle-n=2_s_0,png"
10.73141072439734,"10,73141072439734_TIC_459065293_m_LombScargle-n=2_s_0,png"
9.543473671677075,"9,543473671677075_TIC_285554429_m_LombScargle-n=2_s_0,png"
21.93823479652662,"21,93823479652662_TIC_310645659_m_LombScargle-n=2_s_0,png"
9.26360956271494,"9,26360956271494_TIC_244161191_m_LombScargle-n=2_s_1,png"
15.950520494492036,"15,950520494492036_TIC_307371759_m_LombScargle-n=2_s_0,png"
16.41121332628978,"16,41121332628978_TIC_174662768_m_BiWeight-w=0,5_s_0,png"
18.19851223856403,"18,19851223856403_TIC_162143408_m_BiWeight-w=0,5_s_1,png"
18.1436412443701,"18,1436412443701_TIC_219258986_m_BiWeight-w=0,5_s_0,png"
17.661610757409463,"17,661610757409463_TIC_62173008_m_BiWeight-w=0,5_s_0,png"
15.227657419806084,"15,227657419806084_TIC_67801852_m_BiWeight-w=0,5_s_0,png"
9.68133348134416,"9,68133348134416_TIC_364017175_m_BiWeight-w=0,5_s_0,png"
27.744559030207903,"27,744559030207903_TIC_160328683_m_BiWeight-w=0,5_s_0,png"
14.665900610533226,"14,665900610533226_TIC_247556475_m_BiWeight-w=0,5_s_0,png"
10.2224173243775,"10,2224173243775_TIC_59129542_m_BiWeight-w=0,5_s_0,png"
9.286694391191034,"9,286694391191034_TIC_71374255_m_BiWeight-w=0,5_s_0,png"
27.56349718006408,"27,56349718006408_TIC_70490438_m_LombScargle-n=2_s_0,png"
9.309500624899082,"9,309500624899082_TIC_333675628_m_LombScargle-n=2_s_0,png"
16.029256443380206,"16,029256443380206_TIC_170631655_m_LombScargle-n=2_s_0,png"
36.09274979946239,"36,09274979946239_TIC_52583022_m_LombScargle-n=2_s_0,png"
13.163969774611006,"13,163969774611006_TIC_394674936_m_BiWeight-w=0,5_s_0,png"
9.423406196102494,"9,423406196102494_TIC_424865181_m_LombScargle-n=2_s_0,png"
13.868803258841805,"13,868803258841805_TIC_74920885_m_LombScargle-n=2_s_0,png"
10.493914948652597,"10,493914948652597_TIC_15902868_m_BiWeight-w=0,5_s_0,png"
13.685763508017942,"13,685763508017942_TIC_125754428_m_BiWeight-w=0,5_s_0,png"
15.731560310450586,"15,731560310450586_TIC_355373774_m_BiWeight-w=0,5_s_1,png"
11.623866860529018,"11,623866860529018_TIC_56298767_m_BiWeight-w=0,5_s_0,png"
10.022599483390277,"10,022599483390277_TIC_169530372_m_BiWeight-w=0,5_s_1,png"
15.55529489570464,"15,55529489570464_TIC_62471015_m_LombScargle-n=2_s_0,png"
10.194585143313404,"10,194585143313404_TIC_70101371_m_BiWeight-w=0,5_s_0,png"
9.886629361042328,"9,886629361042328_TIC_399919413_m_LombScargle-n=2_s_0,png"
13.132048782949386,"13,132048782949386_TIC_151267250_m_BiWeight-w=0,5_s_0,png"
10.800060245785303,"10,800060245785303_TIC_118966098_m_BiWeight-w=0,5_s_0,png"
17.439644984197233,"17,439644984197233_TIC_38539720_m_LombScargle-n=2_s_0,png"
9.971010511622037,"9,971010511622037_TIC_268224749_m_LombScargle-n=2_s_0,png"
32.45412383510169,"32,45412383510169_TIC_89614511_m_LombScargle-n=2_s_0,png"
10.87503103937992,"10,87503103937992_TIC_245796781_m_BiWeight-w=0,5_s_0,png"
10.856882192543525,"10,856882192543525_TIC_349069439_m_BiWeight-w=0,5_s_0,png"
12.231189455539877,"12,231189455539877_TIC_308515367_m_LombScargle-n=2_s_0,png"
10.07760385868742,"10,07760385868742_TIC_60388081_m_LombScargle-n=2_s_0,png"
11.317800969862544,"11,317800969862544_TIC_140072112_m_BiWeight-w=0,5_s_1,png"
11.821553798302284,"11,821553798302284_TIC_386576264_m_BiWeight-w=0,5_s_0,png"
9.31260193837977,"9,31260193837977_TIC_184893030_m_BiWeight-w=0,5_s_0,png"
14.04835375021434,"14,04835375021434_TIC_412189914_m_BiWeight-w=0,5_s_0,png"
18.100484313716727,"18,100484313716727_TIC_125914887_m_BiWeight-w=0,5_s_0,png"
9.874913863072948,"9,874913863072948_TIC_385509181_m_BiWeight-w=0,5_s_0,png"
10.3911127758701,"10,3911127758701_TIC_37067449_m_BiWeight-w=0,5_s_0,png"
10.177466864723282,"10,177466864723282_TIC_18448048_m_BiWeight-w=0,5_s_0,png"
10.487971647190207,"10,487971647190207_TIC_150096313_m_BiWeight-w=0,5_s_0,png"
9.489051952066,"9,489051952066_TIC_152176559_m_LombScargle-n=2_s_0,png"
15.802182360866103,"15,802182360866103_TIC_280163882_m_LombScargle-n=2_s_2,png"
9.922254404667004,"9,922254404667004_TIC_285957807_m_LombScargle-n=2_s_0,png"
15.663585543795913,"15,663585543795913_TIC_213682142_m_BiWeight-w=0,5_s_0,png"
10.395739984647658,"10,395739984647658_TIC_285732357_m_LombScargle-n=2_s_0,png"
10.213909034993668,"10,213909034993668_TIC_245936817_m_BiWeight-w=0,5_s_2,png"
12.959237282164674,"12,959237282164674_TIC_454443619_m_BiWeight-w=0,5_s_0,png"
9.596811896424782,"9,596811896424782_TIC_32413506_m_BiWeight-w=0,5_s_0,png"
11.076700404595522,"11,076700404595522_TIC_372515598_m_BiWeight-w=0,5_s_0,png"
17.926670486688973,"17,926670486688973_TIC_341419283_m_LombScargle-n=2_s_2,png"
12.13676196877059,"12,13676196877059_TIC_145991068_m_BiWeight-w=0,5_s_1,png"
12.533973883418836,"12,533973883418836_TIC_1832556_m_BiWeight-w=0,5_s_0,png"
9.594949772707306,"9,594949772707306_TIC_58825604_m_BiWeight-w=0,5_s_0,png"
13.035544576118728,"13,035544576118728_TIC_24452802_m_BiWeight-w=0,5_s_1,png"
11.376532549125494,"11,376532549125494_TIC_366728479_m_BiWeight-w=0,5_s_0,png"
12.04559900803484,"12,04559900803484_TIC_245820959_m_BiWeight-w=0,5_s_0,png"
13.572732077253743,"13,572732077253743_TIC_385475483_m_BiWeight-w=0,5_s_0,png"
35.66953638923073,"35,66953638923073_TIC_380989415_m_BiWeight-w=0,5_s_0,png"
16.477605359658842,"16,477605359658842_TIC_337045074_m_BiWeight-w=0,5_s_0,png"
11.10078789967031,"11,10078789967031_TIC_335210145_m_BiWeight-w=0,5_s_0,png"
15.865830861119887,"15,865830861119887_TIC_395052612_m_BiWeight-w=0,5_s_2,png"
14.46043762011966,"14,46043762011966_TIC_14255379_m_LombScargle-n=2_s_0,png"
10.159439260587703,"10,159439260587703_TIC_56658816_m_BiWeight-w=0,5_s_1,png"
31.215615162083413,"31,215615162083413_TIC_68812630_m_BiWeight-w=0,5_s_0,png"
9.951847165461928,"9,951847165461928_TIC_17096285_m_LombScargle-n=2_s_0,png"
12.447711586733693,"12,447711586733693_TIC_381003288_m_BiWeight-w=0,5_s_0,png"
11.33966810406861,"11,33966810406861_TIC_354931043_m_BiWeight-w=0,5_s_0,png"
16.083114920320863,"16,083114920320863_TIC_242989145_m_BiWeight-w=0,5_s_0,png"
10.021971430449453,"10,021971430449453_TIC_174872586_m_BiWeight-w=0,5_s_0,png"
16.311081737779585,"16,311081737779585_TIC_238507141_m_BiWeight-w=0,5_s_0,png"
14.031775827444733,"14,031775827444733_TIC_105710145_m_BiWeight-w=0,5_s_1,png"
10.23859092795143,"10,23859092795143_TIC_354793407_m_BiWeight-w=0,5_s_0,png"
10.969565966876312,"10,969565966876312_TIC_296561932_m_BiWeight-w=0,5_s_1,png"
35.4020886373165,"35,4020886373165_TIC_101568867_m_BiWeight-w=0,5_s_0,png"
15.470776742008818,"15,470776742008818_TIC_29196178_m_BiWeight-w=0,5_s_0,png"
11.662369898257838,"11,662369898257838_TIC_389119763_m_BiWeight-w=0,5_s_0,png"
9.843083007341097,"9,843083007341097_TIC_345135733_m_BiWeight-w=0,5_s_1,png"
20.7011159917318,"20,7011159917318_TIC_339635291_m_BiWeight-w=0,5_s_4,png"
18.301102922991294,"18,301102922991294_TIC_6372784_m_BiWeight-w=0,5_s_0,png"
11.249674362388658,"11,249674362388658_TIC_70105749_m_BiWeight-w=0,5_s_0,png"
14.437799315092768,"14,437799315092768_TIC_302615381_m_BiWeight-w=0,5_s_0,png"
14.900222409296754,"14,900222409296754_TIC_247528300_m_BiWeight-w=0,5_s_0,png"
9.880984996129332,"9,880984996129332_TIC_29815199_m_LombScargle-n=2_s_0,png"
10.632286924150904,"10,632286924150904_TIC_382378791_m_BiWeight-w=0,5_s_0,png"
14.035207996461557,"14,035207996461557_TIC_432915243_m_BiWeight-w=0,5_s_0,png"
11.475403514125215,"11,475403514125215_TIC_337757672_m_BiWeight-w=0,5_s_0,png"
9.856724940381447,"9,856724940381447_TIC_402215684_m_LombScargle-n=2_s_0,png"
10.993626869576865,"10,993626869576865_TIC_24894207_m_LombScargle-n=2_s_0,png"
19.48947639673665,"19,48947639673665_TIC_418187845_m_BiWeight-w=0,5_s_0,png"
10.882418854129874,"10,882418854129874_TIC_258382306_m_LombScargle-n=2_s_0,png"
17.046925784583568,"17,046925784583568_TIC_416672733_m_BiWeight-w=0,5_s_0,png"
18.20479724558301,"18,20479724558301_TIC_286135836_m_BiWeight-w=0,5_s_0,png"
28.55076649188322,"28,55076649188322_TIC_360130454_m_LombScargle-n=2_s_0,png"
13.454347981947054,"13,454347981947054_TIC_454335224_m_BiWeight-w=0,5_s_0,png"
14.829464816074704,"14,829464816074704_TIC_306548914_m_BiWeight-w=0,5_s_1,png"
12.797459755885209,"12,797459755885209_TIC_59879762_m_BiWeight-w=0,5_s_0,png"
9.44936228013556,"9,44936228013556_TIC_357366411_m_BiWeight-w=0,5_s_1,png"
11.900266745042904,"11,900266745042904_TIC_73308877_m_BiWeight-w=0,5_s_0,png"
9.504257314056035,"9,504257314056035_TIC_434313218_m_LombScargle-n=2_s_0,png"
12.690211224483209,"12,690211224483209_TIC_96740970_m_BiWeight-w=0,5_s_0,png"
19.623609437689264,"19,623609437689264_TIC_302608537_m_LombScargle-n=2_s_0,png"
15.676602204516838,"15,676602204516838_TIC_297549461_m_BiWeight-w=0,5_s_0,png"
12.164454637695233,"12,164454637695233_TIC_170671853_m_LombScargle-n=2_s_0,png"
10.524802099260812,"10,524802099260812_TIC_454757744_m_BiWeight-w=0,5_s_0,png"
14.075265345141435,"14,075265345141435_TIC_121605728_m_BiWeight-w=0,5_s_1,png"
9.246952238678617,"9,246952238678617_TIC_215498770_m_BiWeight-w=0,5_s_0,png"
11.797708797836416,"11,797708797836416_TIC_303759931_m_LombScargle-n=2_s_0,png"
9.370970686978485,"9,370970686978485_TIC_282661874_m_BiWeight-w=0,5_s_0,png"
9.244165999314356,"9,244165999314356_TIC_118521012_m_LombScargle-n=2_s_0,png"
12.004088209732071,"12,004088209732071_TIC_408834274_m_LombScargle-n=2_s_0,png"
9.560769890886322,"9,560769890886322_TIC_212461524_m_BiWeight-w=0,5_s_1,png"
13.267281120728592,"13,267281120728592_TIC_294308920_m_BiWeight-w=0,5_s_1,png"
27.211654896118286,"27,211654896118286_TIC_51270903_m_BiWeight-w=0,5_s_0,png"
11.920175656599383,"11,920175656599383_TIC_277674241_m_LombScargle-n=2_s_1,png"
10.0416071218913,"10,0416071218913_TIC_409372963_m_BiWeight-w=0,5_s_0,png"
16.541626633149132,"16,541626633149132_TIC_429555792_m_BiWeight-w=0,5_s_0,png"
10.051334350541405,"10,051334350541405_TIC_56301147_m_BiWeight-w=0,5_s_0,png"
11.506938568518878,"11,506938568518878_TIC_54086618_m_LombScargle-n=2_s_0,png"
19.706980890779757,"19,706980890779757_TIC_19564279_m_LombScargle-n=2_s_0,png"
16.70839099974371,"16,70839099974371_TIC_113178928_m_BiWeight-w=0,5_s_0,png"
40.12831949929108,"40,12831949929108_TIC_91542943_m_BiWeight-w=0,5_s_1,png"
11.04948597372966,"11,04948597372966_TIC_91415845_m_LombScargle-n=2_s_0,png"
11.172085234527518,"11,172085234527518_TIC_118597308_m_BiWeight-w=0,5_s_0,png"
12.177775877438432,"12,177775877438432_TIC_19000530_m_BiWeight-w=0,5_s_0,png"
13.267739485233244,"13,267739485233244_TIC_336881664_m_BiWeight-w=0,5_s_0,png"
14.715675186888737,"14,715675186888737_TIC_412088646_m_BiWeight-w=0,5_s_0,png"
18.363464198314237,"18,363464198314237_TIC_44743153_m_LombScargle-n=2_s_0,png"
14.15113750122868,"14,15113750122868_TIC_308186412_m_LombScargle-n=2_s_0,png"
9.70561550494374,"9,70561550494374_TIC_19331973_m_LombScargle-n=2_s_0,png"
9.257155130136066,"9,257155130136066_TIC_268971806_m_LombScargle-n=2_s_0,png"
12.955752151774083,"12,955752151774083_TIC_420033945_m_BiWeight-w=0,5_s_0,png"
9.41154703316205,"9,41154703316205_TIC_6553601_m_BiWeight-w=0,5_s_0,png"
10.769006787000473,"10,769006787000473_TIC_179556239_m_BiWeight-w=0,5_s_0,png"
12.486941093964612,"12,486941093964612_TIC_38978965_m_BiWeight-w=0,5_s_0,png"
11.919020988235198,"11,919020988235198_TIC_133146568_m_BiWeight-w=0,5_s_1,png"
16.558793055841193,"16,558793055841193_TIC_66594335_m_BiWeight-w=0,5_s_1,png"
11.836521278696145,"11,836521278696145_TIC_261863003_m_BiWeight-w=0,5_s_1,png"
9.91805630921155,"9,91805630921155_TIC_323350241_m_BiWeight-w=0,5_s_0,png"
14.55922694479426,"14,55922694479426_TIC_346592508_m_BiWeight-w=0,5_s_0,png"
10.899684373325451,"10,899684373325451_TIC_167110617_m_BiWeight-w=0,5_s_1,png"
22.40839902601927,"22,40839902601927_TIC_270348090_m_BiWeight-w=0,5_s_0,png"
31.399159152762305,"31,399159152762305_TIC_73956616_m_BiWeight-w=0,5_s_0,png"
10.647254822331698,"10,647254822331698_TIC_160704414_m_BiWeight-w=0,5_s_0,png"
9.942031904053842,"9,942031904053842_TIC_268081984_m_LombScargle-n=2_s_0,png"
13.002945874521345,"13,002945874521345_TIC_382619547_m_BiWeight-w=0,5_s_1,png"
20.14845583346333,"20,14845583346333_TIC_237203014_m_BiWeight-w=0,5_s_1,png"
10.553200738378084,"10,553200738378084_TIC_198511704_m_LombScargle-n=2_s_1,png"
11.689819830957472,"11,689819830957472_TIC_186140871_m_BiWeight-w=0,5_s_0,png"
9.529483853523525,"9,529483853523525_TIC_101255675_m_LombScargle-n=2_s_0,png"
9.800765562893538,"9,800765562893538_TIC_462712421_m_BiWeight-w=0,5_s_0,png"
18.02117199795801,"18,02117199795801_TIC_91784947_m_BiWeight-w=0,5_s_0,png"
10.255074129251032,"10,255074129251032_TIC_21165132_m_BiWeight-w=0,5_s_1,png"
12.802795401084229,"12,802795401084229_TIC_247513235_m_BiWeight-w=0,5_s_0,png"
13.042899840375492,"13,042899840375492_TIC_411874804_m_BiWeight-w=0,5_s_1,png"
14.07189129505358,"14,07189129505358_TIC_118597400_m_BiWeight-w=0,5_s_0,png"
9.260470640865012,"9,260470640865012_TIC_254091500_m_BiWeight-w=0,5_s_1,png"
10.89536610214373,"10,89536610214373_TIC_69091615_m_BiWeight-w=0,5_s_0,png"
10.966924728114869,"10,966924728114869_TIC_220035931_m_LombScargle-n=2_s_0,png"
15.493262766402763,"15,493262766402763_TIC_231294802_m_BiWeight-w=0,5_s_1,png"
17.80920911428993,"17,80920911428993_TIC_355794672_m_BiWeight-w=0,5_s_1,png"
16.675761601357365,"16,675761601357365_TIC_159762672_m_BiWeight-w=0,5_s_0,png"
14.116775362229102,"14,116775362229102_TIC_426828805_m_LombScargle-n=2_s_0,png"
12.904857111994389,"12,904857111994389_TIC_427772211_m_BiWeight-w=0,5_s_0,png"
52.07412160569404,"52,07412160569404_TIC_184898464_m_BiWeight-w=0,5_s_0,png"
11.387467824660272,"11,387467824660272_TIC_69083662_m_BiWeight-w=0,5_s_0,png"
15.70946803851586,"15,70946803851586_TIC_157533670_m_BiWeight-w=0,5_s_0,png"
34.06509399920642,"34,06509399920642_TIC_190885165_m_BiWeight-w=0,5_s_0,png"
11.09662182560545,"11,09662182560545_TIC_55999804_m_BiWeight-w=0,5_s_0,png"
14.843733769399272,"14,843733769399272_TIC_411422518_m_BiWeight-w=0,5_s_0,png"
15.121505721745637,"15,121505721745637_TIC_260646994_m_BiWeight-w=0,5_s_0,png"
12.684998435300551,"12,684998435300551_TIC_26113788_m_BiWeight-w=0,5_s_0,png"
14.927031358482685,"14,927031358482685_TIC_133974737_m_BiWeight-w=0,5_s_0,png"
11.328522573004372,"11,328522573004372_TIC_151282252_m_LombScargle-n=2_s_0,png"
9.249845846313068,"9,249845846313068_TIC_294361956_m_LombScargle-n=2_s_0,png"
12.971096548085804,"12,971096548085804_TIC_268447199_m_BiWeight-w=0,5_s_0,png"
17.75093793249305,"17,75093793249305_TIC_361112047_m_BiWeight-w=0,5_s_0,png"
12.621347509738635,"12,621347509738635_TIC_247474435_m_LombScargle-n=2_s_0,png"
14.88279039019369,"14,88279039019369_TIC_387719775_m_BiWeight-w=0,5_s_0,png"
9.32706497419442,"9,32706497419442_TIC_245871223_m_BiWeight-w=0,5_s_0,png"
23.768946333780978,"23,768946333780978_TIC_435259421_m_BiWeight-w=0,5_s_0,png"
11.357534856037235,"11,357534856037235_TIC_238632770_m_BiWeight-w=0,5_s_0,png"
16.597760079366076,"16,597760079366076_TIC_359892714_m_BiWeight-w=0,5_s_1,png"
31.6027730254748,"31,6027730254748_TIC_294090620_m_LombScargle-n=2_s_0,png"
13.385862571542395,"13,385862571542395_TIC_47215568_m_BiWeight-w=0,5_s_0,png"
15.429882481680217,"15,429882481680217_TIC_269661838_m_BiWeight-w=0,5_s_0,png"
9.265976024713924,"9,265976024713924_TIC_349387946_m_BiWeight-w=0,5_s_0,png"
11.950002332771865,"11,950002332771865_TIC_138559929_m_LombScargle-n=2_s_0,png"
14.116252058566602,"14,116252058566602_TIC_287354092_m_BiWeight-w=0,5_s_2,png"
10.726687583478745,"10,726687583478745_TIC_466265409_m_BiWeight-w=0,5_s_0,png"
11.6100265550441,"11,6100265550441_TIC_183078154_m_BiWeight-w=0,5_s_0,png"
25.479951022175158,"25,479951022175158_TIC_245834739_m_LombScargle-n=2_s_0,png"
11.127661532231867,"11,127661532231867_TIC_432909186_m_BiWeight-w=0,5_s_0,png"
15.210966059581864,"15,210966059581864_TIC_276298931_m_BiWeight-w=0,5_s_0,png"
10.954337944032982,"10,954337944032982_TIC_440681550_m_BiWeight-w=0,5_s_0,png"
28.50627037739595,"28,50627037739595_TIC_144289734_m_LombScargle-n=2_s_0,png"
12.242980442555648,"12,242980442555648_TIC_5714469_m_BiWeight-w=0,5_s_0,png"
9.71756819828125,"9,71756819828125_TIC_73811767_m_BiWeight-w=0,5_s_0,png"
12.297233946566632,"12,297233946566632_TIC_356739801_m_LombScargle-n=2_s_0,png"
11.270154658047552,"11,270154658047552_TIC_247094729_m_BiWeight-w=0,5_s_0,png"
9.568992287589232,"9,568992287589232_TIC_311133408_m_LombScargle-n=2_s_0,png"
11.206500404737548,"11,206500404737548_TIC_346626216_m_BiWeight-w=0,5_s_0,png"
10.710834259415146,"10,710834259415146_TIC_26020258_m_BiWeight-w=0,5_s_0,png"
11.15080609680811,"11,15080609680811_TIC_285029577_m_BiWeight-w=0,5_s_1,png"
15.071500634759788,"15,071500634759788_TIC_381131055_m_LombScargle-n=2_s_0,png"
9.218230527859664,"9,218230527859664_TIC_294316713_m_BiWeight-w=0,5_s_0,png"
28.40435225332084,"28,40435225332084_TIC_344404782_m_BiWeight-w=0,5_s_0,png"
10.171395108443608,"10,171395108443608_TIC_118966762_m_LombScargle-n=2_s_0,png"
9.618003814388436,"9,618003814388436_TIC_241660076_m_LombScargle-n=2_s_1,png"
12.45448597173039,"12,45448597173039_TIC_243400994_m_BiWeight-w=0,5_s_0,png"
11.11112012239846,"11,11112012239846_TIC_138097836_m_BiWeight-w=0,5_s_0,png"
12.4148102744095,"12,4148102744095_TIC_280856082_m_LombScargle-n=2_s_0,png"
10.966866141529977,"10,966866141529977_TIC_368723998_m_BiWeight-w=0,5_s_1,png"
11.725913062310257,"11,725913062310257_TIC_408600769_m_BiWeight-w=0,5_s_0,png"
14.274603289445556,"14,274603289445556_TIC_18481595_m_LombScargle-n=2_s_0,png"
20.021837908586733,"20,021837908586733_TIC_450690604_m_BiWeight-w=0,5_s_1,png"
10.443587491378352,"10,443587491378352_TIC_114595925_m_LombScargle-n=2_s_0,png"
18.509486752684843,"18,509486752684843_TIC_430592416_m_BiWeight-w=0,5_s_0,png"
14.94341265787653,"14,94341265787653_TIC_268399264_m_BiWeight-w=0,5_s_0,png"
15.186539708309454,"15,186539708309454_TIC_47763235_m_LombScargle-n=2_s_1,png"
12.934891810098538,"12,934891810098538_TIC_69992190_m_BiWeight-w=0,5_s_0,png"
9.464441043413393,"9,464441043413393_TIC_58607087_m_LombScargle-n=2_s_0,png"
10.81370027078617,"10,81370027078617_TIC_6743104_m_LombScargle-n=2_s_0,png"
11.420294834155117,"11,420294834155117_TIC_310844998_m_LombScargle-n=2_s_0,png"
10.732520334664189,"10,732520334664189_TIC_178549284_m_BiWeight-w=0,5_s_0,png"
11.12217299314045,"11,12217299314045_TIC_229785265_m_LombScargle-n=2_s_0,png"
9.77195536760457,"9,77195536760457_TIC_165818534_m_BiWeight-w=0,5_s_1,png"
35.09536701458664,"35,09536701458664_TIC_220617943_m_LombScargle-n=2_s_1,png"
21.047808989881236,"21,047808989881236_TIC_311092148_m_BiWeight-w=0,5_s_0,png"
9.671253710654272,"9,671253710654272_TIC_460844584_m_BiWeight-w=0,5_s_1,png"
11.925711557156207,"11,925711557156207_TIC_54230545_m_LombScargle-n=2_s_0,png"
24.18767849282724,"24,18767849282724_TIC_411925682_m_BiWeight-w=0,5_s_0,png"
12.723008691238332,"12,723008691238332_TIC_309371306_m_LombScargle-n=2_s_0,png"
10.637306115148752,"10,637306115148752_TIC_328234948_m_BiWeight-w=0,5_s_0,png"
23.05779117222401,"23,05779117222401_TIC_17227601_m_LombScargle-n=2_s_0,png"
11.055522860409184,"11,055522860409184_TIC_28832999_m_BiWeight-w=0,5_s_0,png"
9.319741356116973,"9,319741356116973_TIC_65903024_m_BiWeight-w=0,5_s_0,png"
16.891188999682846,"16,891188999682846_TIC_435305062_m_LombScargle-n=2_s_0,png"
12.828448567050875,"12,828448567050875_TIC_268396187_m_BiWeight-w=0,5_s_0,png"
12.244711516486957,"12,244711516486957_TIC_345324572_m_BiWeight-w=0,5_s_1,png"
10.624405168789416,"10,624405168789416_TIC_217774047_m_BiWeight-w=0,5_s_1,png"
15.247973366039904,"15,247973366039904_TIC_6502152_m_BiWeight-w=0,5_s_0,png"
10.31155786445512,"10,31155786445512_TIC_255236579_m_BiWeight-w=0,5_s_0,png"
10.691097267396842,"10,691097267396842_TIC_58473771_m_BiWeight-w=0,5_s_0,png"
23.710866682570146,"23,710866682570146_TIC_1190662_m_BiWeight-w=0,5_s_0,png"
9.86297643262303,"9,86297643262303_TIC_52302765_m_BiWeight-w=0,5_s_0,png"
13.690215490724404,"13,690215490724404_TIC_262400835_m_BiWeight-w=0,5_s_0,png"
10.78292366600656,"10,78292366600656_TIC_19329469_m_BiWeight-w=0,5_s_0,png"
10.905462642237426,"10,905462642237426_TIC_247677744_m_BiWeight-w=0,5_s_1,png"
15.675004790706788,"15,675004790706788_TIC_374003657_m_LombScargle-n=2_s_1,png"
10.282560482631842,"10,282560482631842_TIC_350869718_m_LombScargle-n=2_s_1,png"
9.246139588814108,"9,246139588814108_TIC_435923243_m_BiWeight-w=0,5_s_0,png"
9.447616162489906,"9,447616162489906_TIC_58606664_m_LombScargle-n=2_s_0,png"
11.055038680748195,"11,055038680748195_TIC_46430860_m_BiWeight-w=0,5_s_1,png"
10.255964212021178,"10,255964212021178_TIC_72230677_m_BiWeight-w=0,5_s_0,png"
28.089665671789547,"28,089665671789547_TIC_64360693_m_BiWeight-w=0,5_s_0,png"
13.856875436792432,"13,856875436792432_TIC_449941032_m_BiWeight-w=0,5_s_0,png"
25.8837388316256,"25,8837388316256_TIC_19807872_m_BiWeight-w=0,5_s_0,png"
10.542570738434796,"10,542570738434796_TIC_24662304_m_BiWeight-w=0,5_s_0,png"
9.427613872296426,"9,427613872296426_TIC_285966359_m_LombScargle-n=2_s_0,png"
9.456352020392318,"9,456352020392318_TIC_62014873_m_LombScargle-n=2_s_0,png"
10.011200645837656,"10,011200645837656_TIC_93242288_m_LombScargle-n=2_s_1,png"
13.67804913413043,"13,67804913413043_TIC_64703341_m_BiWeight-w=0,5_s_0,png"
23.941091872436388,"23,941091872436388_TIC_294159330_m_BiWeight-w=0,5_s_1,png"
12.72035667915136,"12,72035667915136_TIC_12938488_m_BiWeight-w=0,5_s_0,png"
16.833097185690477,"16,833097185690477_TIC_98161143_m_LombScargle-n=2_s_0,png"
9.26375189331532,"9,26375189331532_TIC_321539985_m_BiWeight-w=0,5_s_0,png"
19.425631191087877,"19,425631191087877_TIC_367175586_m_BiWeight-w=0,5_s_0,png"
21.45872665281972,"21,45872665281972_TIC_268914377_m_BiWeight-w=0,5_s_0,png"
11.812216889698192,"11,812216889698192_TIC_119117402_m_BiWeight-w=0,5_s_0,png"
13.199449554106012,"13,199449554106012_TIC_59466398_m_BiWeight-w=0,5_s_0,png"
17.634685180933356,"17,634685180933356_TIC_276453848_m_LombScargle-n=2_s_0,png"
11.005665429299196,"11,005665429299196_TIC_217182385_m_BiWeight-w=0,5_s_0,png"
10.476120030697746,"10,476120030697746_TIC_99211241_m_BiWeight-w=0,5_s_1,png"
11.042521681457112,"11,042521681457112_TIC_297855749_m_BiWeight-w=0,5_s_0,png"
13.766377737158765,"13,766377737158765_TIC_142488570_m_LombScargle-n=2_s_0,png"
11.559461872110656,"11,559461872110656_TIC_171085561_m_BiWeight-w=0,5_s_0,png"
12.059305807788627,"12,059305807788627_TIC_436638814_m_BiWeight-w=0,5_s_0,png"
9.869225911961742,"9,869225911961742_TIC_285732583_m_LombScargle-n=2_s_0,png"
9.947342193236045,"9,947342193236045_TIC_146238523_m_BiWeight-w=0,5_s_0,png"
9.716988113093182,"9,716988113093182_TIC_285727096_m_BiWeight-w=0,5_s_0,png"
12.01630630998936,"12,01630630998936_TIC_148092714_m_BiWeight-w=0,5_s_0,png"
21.617511672491396,"21,617511672491396_TIC_61228018_m_LombScargle-n=2_s_0,png"
14.594768706195843,"14,594768706195843_TIC_302962039_m_BiWeight-w=0,5_s_0,png"
12.210670600549957,"12,210670600549957_TIC_424610186_m_BiWeight-w=0,5_s_0,png"
11.314725582431231,"11,314725582431231_TIC_302535493_m_LombScargle-n=2_s_0,png"
11.446358571763778,"11,446358571763778_TIC_389248318_m_BiWeight-w=0,5_s_0,png"
15.375305783463116,"15,375305783463116_TIC_395130640_m_BiWeight-w=0,5_s_1,png"
12.013285748889285,"12,013285748889285_TIC_333734230_m_BiWeight-w=0,5_s_1,png"
19.0463732201234,"19,0463732201234_TIC_404144841_m_BiWeight-w=0,5_s_1,png"
13.83090653826979,"13,83090653826979_TIC_434138546_m_BiWeight-w=0,5_s_0,png"
12.008569164731304,"12,008569164731304_TIC_323348984_m_BiWeight-w=0,5_s_1,png"
13.594601140138582,"13,594601140138582_TIC_47596872_m_LombScargle-n=2_s_0,png"
9.552271538764938,"9,552271538764938_TIC_157999897_m_BiWeight-w=0,5_s_1,png"
11.061451104151825,"11,061451104151825_TIC_276397275_m_BiWeight-w=0,5_s_0,png"
15.255289993998243,"15,255289993998243_TIC_160008866_m_LombScargle-n=2_s_0,png"
10.844914155844114,"10,844914155844114_TIC_129623324_m_LombScargle-n=2_s_1,png"
15.531154574157938,"15,531154574157938_TIC_426984937_m_BiWeight-w=0,5_s_0,png"
11.835661391437675,"11,835661391437675_TIC_403021394_m_BiWeight-w=0,5_s_0,png"
10.813027195729967,"10,813027195729967_TIC_454196756_m_LombScargle-n=2_s_1,png"
10.979596030958612,"10,979596030958612_TIC_320502029_m_BiWeight-w=0,5_s_0,png"
9.674710329370145,"9,674710329370145_TIC_142173958_m_LombScargle-n=2_s_0,png"
10.771120878990631,"10,771120878990631_TIC_134631370_m_BiWeight-w=0,5_s_0,png"
11.518060801100251,"11,518060801100251_TIC_459972196_m_BiWeight-w=0,5_s_1,png"
19.17549035349391,"19,17549035349391_TIC_427544901_m_LombScargle-n=2_s_0,png"
15.910235999509956,"15,910235999509956_TIC_376942303_m_BiWeight-w=0,5_s_0,png"
12.127114924267303,"12,127114924267303_TIC_364130065_m_LombScargle-n=2_s_0,png"
10.8257398205743,"10,8257398205743_TIC_27138969_m_BiWeight-w=0,5_s_0,png"
16.54017665957421,"16,54017665957421_TIC_302538146_m_BiWeight-w=0,5_s_0,png"
14.931203938924543,"14,931203938924543_TIC_450085578_m_BiWeight-w=0,5_s_0,png"
11.214949913919488,"11,214949913919488_TIC_140072113_m_BiWeight-w=0,5_s_1,png"
9.876629990574529,"9,876629990574529_TIC_258874821_m_BiWeight-w=0,5_s_1,png"
10.566564279962291,"10,566564279962291_TIC_259463816_m_BiWeight-w=0,5_s_0,png"
9.2458220483804,"9,2458220483804_TIC_229966103_m_LombScargle-n=2_s_3,png"
12.60085774705767,"12,60085774705767_TIC_52212687_m_BiWeight-w=0,5_s_1,png"
10.5061726331639,"10,5061726331639_TIC_24130764_m_LombScargle-n=2_s_1,png"
11.016785768092928,"11,016785768092928_TIC_366712272_m_BiWeight-w=0,5_s_0,png"
9.530073548103166,"9,530073548103166_TIC_264615360_m_LombScargle-n=2_s_0,png"
12.25115427994282,"12,25115427994282_TIC_435938867_m_BiWeight-w=0,5_s_0,png"
11.608054793346552,"11,608054793346552_TIC_429101931_m_BiWeight-w=0,5_s_0,png"
10.65973152709717,"10,65973152709717_TIC_120967488_m_BiWeight-w=0,5_s_1,png"
11.910944273167228,"11,910944273167228_TIC_389169798_m_BiWeight-w=0,5_s_0,png"
9.614159791507484,"9,614159791507484_TIC_422692635_m_BiWeight-w=0,5_s_0,png"
13.594869747525664,"13,594869747525664_TIC_43868252_m_LombScargle-n=2_s_0,png"
9.455784065517896,"9,455784065517896_TIC_302489744_m_LombScargle-n=2_s_0,png"
19.910157157169888,"19,910157157169888_TIC_408188366_m_BiWeight-w=0,5_s_0,png"
26.341667083072306,"26,341667083072306_TIC_1232360_m_BiWeight-w=0,5_s_1,png"
9.57412847723657,"9,57412847723657_TIC_62097362_m_LombScargle-n=2_s_0,png"
11.390021012075998,"11,390021012075998_TIC_46052698_m_BiWeight-w=0,5_s_0,png"
16.107192253030536,"16,107192253030536_TIC_170366621_m_BiWeight-w=0,5_s_0,png"
16.58661224727653,"16,58661224727653_TIC_337735826_m_LombScargle-n=2_s_0,png"
17.041772372365813,"17,041772372365813_TIC_446075936_m_BiWeight-w=0,5_s_0,png"
15.513901853664793,"15,513901853664793_TIC_281757097_m_BiWeight-w=0,5_s_1,png"
28.75969689969841,"28,75969689969841_TIC_366488770_m_LombScargle-n=2_s_0,png"
11.855500104447954,"11,855500104447954_TIC_334217681_m_BiWeight-w=0,5_s_0,png"
20.45829536503168,"20,45829536503168_TIC_351701483_m_BiWeight-w=0,5_s_0,png"
12.273996858753652,"12,273996858753652_TIC_167664935_m_LombScargle-n=2_s_0,png"
15.48883937911162,"15,48883937911162_TIC_378047862_m_BiWeight-w=0,5_s_0,png"
39.80647819718873,"39,80647819718873_TIC_339960875_m_LombScargle-n=2_s_1,png"
10.240976091169664,"10,240976091169664_TIC_406173242_m_BiWeight-w=0,5_s_0,png"
14.906950442939904,"14,906950442939904_TIC_420799961_m_BiWeight-w=0,5_s_1,png"
18.317620066257625,"18,317620066257625_TIC_407944008_m_LombScargle-n=2_s_2,png"
37.9292414853078,"37,9292414853078_TIC_427312571_m_BiWeight-w=0,5_s_1,png"
11.684200509586416,"11,684200509586416_TIC_59090823_m_BiWeight-w=0,5_s_0,png"
14.76410638183788,"14,76410638183788_TIC_387968701_m_BiWeight-w=0,5_s_0,png"
21.052684593336707,"21,052684593336707_TIC_405754448_m_BiWeight-w=0,5_s_1,png"
10.424880001685462,"10,424880001685462_TIC_266011945_m_LombScargle-n=2_s_0,png"
12.0328537776255,"12,0328537776255_TIC_442895117_m_BiWeight-w=0,5_s_0,png"
14.795409734370578,"14,795409734370578_TIC_53948921_m_BiWeight-w=0,5_s_0,png"
22.68881687503292,"22,68881687503292_TIC_318937509_m_LombScargle-n=2_s_0,png"
12.10669862074303,"12,10669862074303_TIC_268510557_m_BiWeight-w=0,5_s_0,png"
14.67131048100542,"14,67131048100542_TIC_29269297_m_LombScargle-n=2_s_0,png"
12.539027979714817,"12,539027979714817_TIC_261862960_m_BiWeight-w=0,5_s_1,png"
18.859652101157508,"18,859652101157508_TIC_285966877_m_BiWeight-w=0,5_s_0,png"
10.742396422322416,"10,742396422322416_TIC_344552743_m_LombScargle-n=2_s_0,png"
12.653172767898376,"12,653172767898376_TIC_54008191_m_BiWeight-w=0,5_s_0,png"
10.68920710653457,"10,68920710653457_TIC_111835484_m_BiWeight-w=0,5_s_1,png"
25.065988313414188,"25,065988313414188_TIC_286140201_m_BiWeight-w=0,5_s_0,png"
11.626002541633207,"11,626002541633207_TIC_370042412_m_BiWeight-w=0,5_s_0,png"
13.013632084342348,"13,013632084342348_TIC_237982034_m_LombScargle-n=2_s_0,png"
9.919942344376436,"9,919942344376436_TIC_368499910_m_BiWeight-w=0,5_s_0,png"
10.95350429032088,"10,95350429032088_TIC_20221909_m_LombScargle-n=2_s_0,png"
10.204528596880518,"10,204528596880518_TIC_458685405_m_LombScargle-n=2_s_0,png"
14.93670164122032,"14,93670164122032_TIC_391516487_m_BiWeight-w=0,5_s_0,png"
10.26444367215099,"10,26444367215099_TIC_258065880_m_BiWeight-w=0,5_s_0,png"
16.328319427625587,"16,328319427625587_TIC_125754563_m_BiWeight-w=0,5_s_0,png"
10.445787781319842,"10,445787781319842_TIC_134545456_m_BiWeight-w=0,5_s_0,png"
12.229940292264692,"12,229940292264692_TIC_14254224_m_LombScargle-n=2_s_0,png"
19.4197882465022,"19,4197882465022_TIC_348665441_m_BiWeight-w=0,5_s_0,png"
11.421785261346123,"11,421785261346123_TIC_73308879_m_BiWeight-w=0,5_s_0,png"
11.247197936573365,"11,247197936573365_TIC_219290316_m_BiWeight-w=0,5_s_0,png"
16.397270085417087,"16,397270085417087_TIC_125978066_m_BiWeight-w=0,5_s_0,png"
14.519820102359644,"14,519820102359644_TIC_323246065_m_LombScargle-n=2_s_0,png"
14.044260666603234,"14,044260666603234_TIC_63223709_m_BiWeight-w=0,5_s_0,png"
27.004892019238067,"27,004892019238067_TIC_29446656_m_BiWeight-w=0,5_s_0,png"
14.86942602749188,"14,86942602749188_TIC_245940214_m_LombScargle-n=2_s_0,png"
10.278698698970691,"10,278698698970691_TIC_257048637_m_LombScargle-n=2_s_1,png"
9.607632003766112,"9,607632003766112_TIC_58602397_m_BiWeight-w=0,5_s_0,png"
10.470146078173864,"10,470146078173864_TIC_406180136_m_BiWeight-w=0,5_s_0,png"
17.220436080630456,"17,220436080630456_TIC_407941295_m_BiWeight-w=0,5_s_0,png"
16.116800248498702,"16,116800248498702_TIC_440693916_m_BiWeight-w=0,5_s_0,png"
10.874092320532908,"10,874092320532908_TIC_150173828_m_LombScargle-n=2_s_0,png"
12.179648109224717,"12,179648109224717_TIC_388978401_m_BiWeight-w=0,5_s_0,png"
13.483821720731562,"13,483821720731562_TIC_397712527_m_BiWeight-w=0,5_s_0,png"
14.17291190222388,"14,17291190222388_TIC_436656668_m_BiWeight-w=0,5_s_0,png"
26.93450756683336,"26,93450756683336_TIC_272466980_m_BiWeight-w=0,5_s_5,png"
16.266138630701384,"16,266138630701384_TIC_370825476_m_BiWeight-w=0,5_s_0,png"
14.954132393027828,"14,954132393027828_TIC_123212059_m_BiWeight-w=0,5_s_0,png"
13.11276252342745,"13,11276252342745_TIC_192475503_m_BiWeight-w=0,5_s_0,png"
11.14250613951108,"11,14250613951108_TIC_144282456_m_BiWeight-w=0,5_s_0,png"
11.857765960623771,"11,857765960623771_TIC_387719481_m_BiWeight-w=0,5_s_0,png"
16.094398799315236,"16,094398799315236_TIC_440686535_m_BiWeight-w=0,5_s_0,png"
10.539480218713472,"10,539480218713472_TIC_383582909_m_BiWeight-w=0,5_s_0,png"
9.721572962456898,"9,721572962456898_TIC_125977598_m_BiWeight-w=0,5_s_0,png"
9.20775312176083,"9,20775312176083_TIC_411927915_m_LombScargle-n=2_s_0,png"
14.074040113658528,"14,074040113658528_TIC_284563819_m_BiWeight-w=0,5_s_0,png"
12.871626745213554,"12,871626745213554_TIC_436614017_m_LombScargle-n=2_s_0,png"
14.430164853635777,"14,430164853635777_TIC_450078828_m_BiWeight-w=0,5_s_0,png"
11.683772827969326,"11,683772827969326_TIC_62464414_m_BiWeight-w=0,5_s_0,png"
9.908510891831051,"9,908510891831051_TIC_445028435_m_BiWeight-w=0,5_s_0,png"
11.133867509156106,"11,133867509156106_TIC_229087301_m_BiWeight-w=0,5_s_1,png"
17.118297884986053,"17,118297884986053_TIC_336990500_m_LombScargle-n=2_s_0,png"
11.463847733834944,"11,463847733834944_TIC_148087292_m_BiWeight-w=0,5_s_0,png"
11.060880852424836,"11,060880852424836_TIC_408386969_m_BiWeight-w=0,5_s_0,png"
13.437386548559669,"13,437386548559669_TIC_54186572_m_LombScargle-n=2_s_0,png"
14.089128000261764,"14,089128000261764_TIC_255472458_m_LombScargle-n=2_s_0,png"
11.532593434773274,"11,532593434773274_TIC_58543110_m_BiWeight-w=0,5_s_0,png"
20.797660329117964,"20,797660329117964_TIC_5800165_m_BiWeight-w=0,5_s_0,png"
14.630219816406502,"14,630219816406502_TIC_245821503_m_BiWeight-w=0,5_s_2,png"
15.615173376690748,"15,615173376690748_TIC_318886387_m_LombScargle-n=2_s_1,png"
17.453911595501392,"17,453911595501392_TIC_73906179_m_BiWeight-w=0,5_s_0,png"
12.202544928707614,"12,202544928707614_TIC_50745567_m_BiWeight-w=0,5_s_1,png"
15.07476336934753,"15,07476336934753_TIC_69522016_m_BiWeight-w=0,5_s_0,png"
10.727636003762552,"10,727636003762552_TIC_437864697_m_LombScargle-n=2_s_0,png"
17.334278023143426,"17,334278023143426_TIC_285548887_m_BiWeight-w=0,5_s_0,png"
15.141079049410893,"15,141079049410893_TIC_118557517_m_BiWeight-w=0,5_s_0,png"
14.832278405791564,"14,832278405791564_TIC_462320070_m_BiWeight-w=0,5_s_0,png"
12.197236152408744,"12,197236152408744_TIC_58436495_m_BiWeight-w=0,5_s_0,png"
9.921680860241263,"9,921680860241263_TIC_258101273_m_BiWeight-w=0,5_s_0,png"
11.155355414392211,"11,155355414392211_TIC_5612096_m_BiWeight-w=0,5_s_0,png"
17.07396929502626,"17,07396929502626_TIC_69143827_m_BiWeight-w=0,5_s_0,png"
14.437299365620513,"14,437299365620513_TIC_59468681_m_BiWeight-w=0,5_s_0,png"
16.3762819123503,"16,3762819123503_TIC_427400471_m_BiWeight-w=0,5_s_0,png"
9.334083125858848,"9,334083125858848_TIC_36009949_m_LombScargle-n=2_s_0,png"
26.3835701479169,"26,3835701479169_TIC_307291308_m_BiWeight-w=0,5_s_2,png"
15.34607720607283,"15,34607720607283_TIC_268148425_m_BiWeight-w=0,5_s_0,png"
15.65600966225729,"15,65600966225729_TIC_439907848_m_BiWeight-w=0,5_s_0,png"
12.91142134057206,"12,91142134057206_TIC_337569964_m_LombScargle-n=2_s_0,png"
10.74093667404113,"10,74093667404113_TIC_375729536_m_BiWeight-w=0,5_s_0,png"
10.507487492910974,"10,507487492910974_TIC_268326514_m_BiWeight-w=0,5_s_0,png"
10.99279633588444,"10,99279633588444_TIC_56551765_m_LombScargle-n=2_s_0,png"
9.900334863276894,"9,900334863276894_TIC_247462403_m_BiWeight-w=0,5_s_0,png"
10.885985329307378,"10,885985329307378_TIC_54231888_m_LombScargle-n=2_s_0,png"
9.22157852192005,"9,22157852192005_TIC_58543752_m_LombScargle-n=2_s_0,png"
10.322940211038372,"10,322940211038372_TIC_165941376_m_BiWeight-w=0,5_s_1,png"
18.432776358060387,"18,432776358060387_TIC_48232997_m_LombScargle-n=2_s_0,png"
10.127964999660152,"10,127964999660152_TIC_425368089_m_LombScargle-n=2_s_0,png"
17.63991199139536,"17,63991199139536_TIC_359834490_m_LombScargle-n=2_s_0,png"
10.25643820348281,"10,25643820348281_TIC_434374378_m_LombScargle-n=2_s_0,png"
11.486425991112116,"11,486425991112116_TIC_56861756_m_BiWeight-w=0,5_s_0,png"
26.47169098148636,"26,47169098148636_TIC_360205899_m_BiWeight-w=0,5_s_2,png"
9.542964462292671,"9,542964462292671_TIC_54038384_m_BiWeight-w=0,5_s_0,png"
16.38659331869624,"16,38659331869624_TIC_175523591_m_LombScargle-n=2_s_1,png"
13.191375904625511,"13,191375904625511_TIC_175177533_m_LombScargle-n=2_s_1,png"
11.034187064836942,"11,034187064836942_TIC_293766861_m_BiWeight-w=0,5_s_0,png"
21.66583907824573,"21,66583907824573_TIC_118769116_m_LombScargle-n=2_s_0,png"
13.011459037054257,"13,011459037054257_TIC_411699112_m_BiWeight-w=0,5_s_0,png"
