TIC_ID,START_DATE,END_DATE,NUM_OBS
TIC_101433378,1657.0265638038825,1682.3615874489205,17168
TIC_103101099,1816.0879765350664,1840.9309720655513,16525
TIC_103101099,1983.6295903960029,2009.3014742752318,17188
TIC_103107644,1544.3534505388336,1555.5453063600257,5047
TIC_103107644,1559.796726663677,1568.4786741675696,6143
TIC_105710145,1544.3882964487796,1568.478771806497,15659
TIC_105710145,2282.1839649191697,2305.992288720296,15309
TIC_112176566,1601.828823044443,1609.6996537700231,5595
TIC_112176566,1616.3342742326715,1623.896603140493,5390
TIC_112176566,2334.184098704155,2360.4558269834233,18132
TIC_112233050,1491.635008793344,1516.0892377082284,16264
TIC_112464324,1657.3107314480633,1682.3623245792362,15810
TIC_112464324,2036.2844205837603,2059.567448564672,14788
TIC_112472211,1657.298266031538,1682.3623814774573,16965
TIC_112472211,2036.284468472367,2060.6466495887134,16470
TIC_113500710,1657.3218298628406,1682.3624288468518,16939
TIC_113500710,2036.2844721725119,2060.6467435479854,16691
TIC_113951967,2447.6911472753272,2455.940566021889,5874
TIC_113951967,2461.241067097745,2469.818255818288,6140
TIC_113951967,2474.1700175439714,2524.445184297349,31018
TIC_11568422,2115.8905417870237,2141.8152444199186,16510
TIC_118053599,1659.1726583413324,1682.3333597871745,15122
TIC_118053599,2361.7760666568,2389.722358523242,18794
TIC_118278380,1657.0269660621732,1682.3612860501655,17144
TIC_118278380,2361.776167908328,2389.722498756673,19256
TIC_118807628,1657.0267281823642,1682.3610996347766,16658
TIC_118807628,2361.777308020768,2389.7222617793154,18993
TIC_118833673,1517.9210246898956,1529.0697281938155,7940
TIC_118833673,1535.0030420827618,1542.0043319694046,4945
TIC_119855395,1468.2767718021473,1490.049242818621,14489
TIC_120334442,1657.6824086151607,1682.3613662342452,16274
TIC_120334451,1659.2921411840414,1682.3613661690524,9395
TIC_120933455,1410.9069206018821,1436.4709855859533,14723
TIC_121049033,1410.906825979974,1436.4209966548376,14629
TIC_121049033,2144.5190716035017,2169.9484163053385,16549
TIC_122083452,1601.349437999658,1609.6996466212388,5932
TIC_122083452,1615.8927592749092,1623.8969445480295,5684
TIC_122288890,1601.3492556634617,1609.6994787969106,5935
TIC_122288890,1615.8926052956226,1623.8968097865845,5728
TIC_122288890,2334.332374891347,2360.5561877371365,18047
TIC_123027358,1491.6340388097067,1529.0675058386682,23998
TIC_123027358,1535.0007692287434,1542.0020297018905,4988
TIC_1232360,1517.9367421693778,1529.0701619908286,7838
TIC_1232360,1535.0034662131118,1542.0047381159154,4780
TIC_1232360,2255.935129675539,2267.1531398630514,7799
TIC_1232360,2272.0169512901416,2279.9834046458755,5679
TIC_125840950,1816.0900525973934,1841.1536243845046,16870
TIC_129623324,1601.3490919090134,1609.6992707687846,5942
TIC_129623324,1615.8923692165256,1623.8965386939497,5738
TIC_129623324,2334.2335834184682,2360.5558930894917,18189
TIC_133974737,1491.6342674647656,1529.0680625611844,24030
TIC_133974737,1535.001358385965,1542.0026501340885,5008
TIC_133974737,2255.6927615258896,2267.15102358811,8036
TIC_133974737,2272.014853388565,2279.981361228765,5712
TIC_134631370,1571.3417571648831,1595.6849044173925,14966
TIC_134873712,1571.36412040732,1581.7892719730726,1995
TIC_134873712,1586.2920527722822,1592.7823119308412,2096
TIC_134873712,2310.8264624330745,2317.320938085818,1937
TIC_134873712,2321.380636179404,2332.447153287377,5565
TIC_136885277,1385.953651811775,1406.21893331565,12520
TIC_137823194,1683.3570497429737,1690.101512953558,4675
TIC_137823194,1695.1209631830625,1704.4417243669964,5820
TIC_137823194,1709.3916671636719,1710.2069365200643,576
TIC_137823194,2390.6563090593904,2446.581503339333,37176
TIC_138473191,2390.650222711691,2418.8506178782777,16983
TIC_139725285,1438.1344938206591,1463.6787148411436,17102
TIC_139725285,2174.232800471067,2200.008773655241,17301
TIC_140031179,1517.8337940428592,1529.0672790684696,8000
TIC_140031179,1535.0006588279984,1568.4768404104022,20794
TIC_14087575,1438.1383937659257,1463.6731261256868,16959
TIC_14087575,2174.231175694536,2200.1046738042223,17429
TIC_141146667,2419.985943977075,2446.5747381357082,18290
TIC_141146667,2610.404555964836,2621.6309715890147,8010
TIC_141146667,2626.1892629367835,2635.989115169685,7042
TIC_142264088,1571.3630656836651,1595.6851685437814,14900
TIC_142391477,1571.6353181604306,1595.685218105971,11911
TIC_142391477,2308.7670297896743,2319.033661867077,4443
TIC_142391477,2323.36414414646,2332.5833681765016,6105
TIC_143268184,1491.6340118141575,1529.0676601583532,24117
TIC_143268184,1535.0009474794601,1542.0022348326725,4955
TIC_143995063,1491.6341096174633,1529.0678197190562,24290
TIC_143995063,1535.0011110038718,1542.0024008157754,5016
TIC_144126053,1410.9053157112728,1463.6978167663722,31292
TIC_144126053,2144.5175189391825,2169.9466322990947,16278
TIC_144155582,1571.409845309994,1571.4917920449275,31
TIC_144155582,1578.260013542047,1580.2239375302954,1225
TIC_144155582,1586.526771972246,1588.4934524773562,1239
TIC_144155582,1595.0045673814386,1595.6851168688354,441
TIC_144155582,2308.5263748192874,2332.583367430469,14592
TIC_144282456,1842.5092615441747,1868.8268828169935,16417
TIC_144289734,1571.3988095327268,1595.6851870179144,14843
TIC_144289734,2308.509783653994,2332.5834345452986,15157
TIC_144667802,1468.2776038053187,1490.0494344024805,14421
TIC_149771158,1629.1121345639954,1639.0009227345133,6867
TIC_149771158,1643.346643482799,1652.8963455930796,6838
TIC_149771158,2335.3114835683195,2360.5562939907973,16153
TIC_150598692,1983.638352853498,2009.309451938709,17194
TIC_151610256,1628.4593817141522,1639.001286378356,7293
TIC_151610256,1643.0721415263415,1652.8971355819613,7011
TIC_152176559,1572.0556792129867,1581.78898216323,5102
TIC_152176559,1585.8750308723763,1595.6498234011915,6885
TIC_152176559,2282.134226813267,2305.987337365173,15139
TIC_152479307,1571.8001725581796,1595.6846240194955,14198
TIC_152479307,2282.1773026388682,2332.582742287223,29275
TIC_155657581,1683.3518406689134,1710.202011146418,18399
TIC_155657581,1842.5056919705082,1897.7819612917274,35638
TIC_155657581,2010.2660364224075,2035.132305541723,16940
TIC_155657581,2390.6530959245442,2446.576781042321,37841
TIC_155657581,2580.531843052984,2606.9416262181408,17295
TIC_155657581,2611.2276980417128,2621.6289693396925,7397
TIC_155657581,2626.334441309579,2635.987031997512,6922
TIC_156084049,1354.1118792584505,1381.517349472351,17607
TIC_156084049,2088.246304815314,2098.190766311397,7097
TIC_156084049,2102.331030421611,2112.0434002098204,6897
TIC_156364508,1816.0898792661553,1841.1535659174704,12715
TIC_159580128,1711.3673397864065,1737.4112814001214,16342
TIC_159580128,2390.6555888913963,2446.580844534225,37763
TIC_160004720,1410.9060968653628,1436.3837044269485,14545
TIC_160004720,2115.888596975735,2169.947194249605,33399
TIC_160329609,1468.275066545422,1490.0472158968155,14303
TIC_160329609,2174.2312434966343,2227.574555710091,34184
TIC_162143408,1571.819123564569,1595.684217675863,14331
TIC_162143408,2282.1087389103395,2332.58236849704,30486
TIC_164210761,1629.4730725730794,1639.0008832496958,6598
TIC_164210761,1644.234154012535,1652.896499316718,6194
TIC_164210761,2361.776965954495,2389.6085113950685,18297
TIC_165818534,1842.5089204408584,1868.827473829273,14546
TIC_165818534,2500.4639403018195,2564.622084349393,29863
TIC_165818534,2571.227967156044,2606.9451177988767,19596
TIC_165909066,1571.309397102521,1595.6848709982787,14864
TIC_165909066,1601.3487479985513,1609.6986756824865,5930
TIC_165909066,1615.891603094234,1623.8955553341482,5708
TIC_165909066,2308.207912564769,2332.583179985037,15625
TIC_165941376,1385.952038811879,1406.217187622078,12349
TIC_165941376,2115.889199463738,2141.7014727424485,16186
TIC_166787846,1354.1105490841146,1381.516561768735,18160
TIC_166787846,1385.951307142963,1406.2164608870762,12854
TIC_166787846,2088.2422578148185,2141.9840919006783,31904
TIC_166852313,1354.1104157447992,1381.5163963029815,18185
TIC_166852313,1385.9511395035024,1406.21629691563,13088
TIC_166852313,2088.242119393741,2141.983933009363,32241
TIC_166869904,1410.906107110192,1436.2632529869168,13941
TIC_166869904,2144.5183383855315,2169.947618541825,16133
TIC_167664935,2334.20465086521,2360.5434000869004,18209
TIC_169385570,1657.1843612939902,1682.3624311001868,16916
TIC_169385570,2036.2844900529735,2060.6467281965297,16475
TIC_169530372,1438.2983997872013,1463.627840299247,16816
TIC_169530372,2174.232930102417,2200.087172504382,17431
TIC_170631655,1410.9057712752717,1463.6559429133454,31621
TIC_170631655,2144.518033747822,2169.9475744120355,16467
TIC_170631655,2174.2322942772244,2200.085998835979,17478
TIC_170671853,1410.9055560916834,1463.6945855175904,31875
TIC_170671853,2144.517812349518,2169.9473183664363,16625
TIC_170671853,2174.2320372668705,2200.1246513048677,17484
TIC_171773770,2665.277706568197,2665.590215932806,189
TIC_171773770,2669.8945151700736,2678.407235788644,5890
TIC_171773770,2685.32258478636,2691.501781555545,4400
TIC_17251144,1683.3570064841565,1720.5226718143167,20388
TIC_17251144,1724.9448643022085,1734.355801596188,6630
TIC_17399504,1628.4588186429946,1639.000789668123,7296
TIC_17399504,1643.0716778263716,1652.896752961072,7018
TIC_17399504,2361.776673277576,2389.5325216998112,18196
TIC_17417151,2474.168973864806,2524.4448450890877,31199
TIC_176876546,2282.072983573668,2305.9941008456203,15455
TIC_178931743,1601.3494746173515,1609.6994974512545,5954
TIC_178931743,1615.8924781490884,1623.8964927429113,5745
TIC_180258068,1571.917821920208,1595.6854200331466,14046
TIC_180258068,2282.121373214523,2305.993920895938,15367
TIC_184899004,2500.366972179497,2578.7056752554786,47843
TIC_185462761,1601.3495973788006,1609.6998424588667,5908
TIC_185462761,1615.8929772854644,1623.8971906021047,5716
TIC_185462761,2334.2216125368263,2360.5565720120544,18099
TIC_186779497,1517.9370146798265,1529.0690828742554,7826
TIC_186779497,1535.0024227112451,1542.0037534335886,4879
TIC_186779497,2255.8965309315245,2267.152105461555,7480
TIC_186779497,2272.015958855438,2279.9824938662755,5206
TIC_187681788,1816.0897690488327,1841.0398274952654,16672
TIC_190332444,1842.5091779081479,1868.8268366746167,16415
TIC_190885165,1711.368242075276,1718.8184033087614,5300
TIC_190885165,1724.9449088673432,1761.7335850674008,20160
TIC_192543856,1544.4381457375669,1568.4795500672287,15014
TIC_192543856,2255.848557458988,2267.1530367354217,7814
TIC_192543856,2272.016998565986,2279.983708599344,5575
TIC_193136669,1544.4335950682944,1568.479408516446,15606
TIC_193136669,2282.1375466954896,2305.99284362478,15403
TIC_197005132,1657.0276755359334,1682.3621387212909,17197
TIC_197884260,1354.1094850674253,1381.5154385923404,18032
TIC_197884260,1385.9501967139984,1406.215493130327,12162
TIC_197884260,1410.9043497269474,1436.4262398217584,14534
TIC_197884260,2088.241178709656,2112.4998413829726,14578
TIC_197884260,2144.5165029500045,2169.945297787235,16380
TIC_198511704,2419.987751305759,2446.5767157540467,18272
TIC_198511704,2580.516312149743,2635.9871663774647,32793
TIC_200668936,1354.112137445981,1380.5882537351386,17469
TIC_200668936,2061.8544731423613,2112.496213202992,28195
TIC_20090694,1518.0147313708364,1529.0703481114538,7775
TIC_20090694,1535.003637155042,1542.0048880951715,4986
TIC_201858667,1354.1105184049522,1381.5163633125092,15073
TIC_201858667,1385.9538612850877,1406.2161459098236,8937
TIC_201858667,2088.2422052360707,2141.9254284890985,30318
TIC_203036339,1790.6616149382332,1814.287907182668,14563
TIC_203233128,2554.059533429505,2578.700810980272,15213
TIC_206605715,2061.9017686728407,2070.560308276229,6138
TIC_206605715,2075.161780605378,2083.6062594466243,5925
TIC_206605718,2061.857323255641,2070.6894777810435,6168
TIC_206605718,2075.161781026336,2083.845148343969,6042
TIC_209291266,1601.3485537176298,1609.6986702407212,5945
TIC_209291266,1615.8917351198716,1623.8958659744171,5699
TIC_209291266,2333.8594068833772,2360.555198171001,18418
TIC_213009118,1385.954178017507,1406.2193039215945,12895
TIC_213009118,2115.8913240282764,2141.910473456536,15977
TIC_213240679,1628.4948317407975,1639.0006043428466,7215
TIC_213240679,1643.0714616310113,1652.8964648010199,6988
TIC_213240679,2361.7765515327605,2389.6141369752186,18211
TIC_217182385,1628.5311815438408,1639.0008746163833,7248
TIC_217182385,1643.1675748530768,1652.8967632573087,6959
TIC_219258986,1385.9498961765528,1406.215485866593,12862
TIC_219258986,1410.9044105144192,1463.6749095349148,31495
TIC_219258986,2115.8870570533263,2141.5290886409693,16076
TIC_219258986,2174.2304459958964,2200.1008428999166,17481
TIC_219290316,1657.026090817743,1682.361266319118,16963
TIC_219290316,2036.283224635468,2060.645731676997,16763
TIC_219993473,1354.1108863346456,1381.5166938551888,18117
TIC_219993473,1385.9514006647464,1406.2163804876282,12768
TIC_219993473,2088.2425708919404,2141.899247357912,31892
TIC_220617943,1438.1380472120914,1463.6452278691754,17090
TIC_220617943,1468.2743939100808,1490.0463741786969,14479
TIC_220617943,2201.7351639089115,2227.5736818944047,17431
TIC_221355243,1629.2327537446631,1639.0008705045466,6673
TIC_221355243,1643.9855468898404,1652.8965239902468,6312
TIC_221355243,2361.77693182292,2389.704382178416,18555
TIC_22507789,1571.3818140609,1595.6848174369861,14814
TIC_229945262,1683.3544811125182,1718.4672155393341,22841
TIC_229945262,1724.9422403423446,1732.5769584195739,5393
TIC_229945262,1738.6547391240435,1746.743596993034,5735
TIC_229945262,1751.6574738204092,1760.6671335968115,6432
TIC_229945262,1764.6851622552624,1897.7794034130843,78737
TIC_229945262,1930.1738284529763,2035.1347107693714,66256
TIC_229945262,2390.653869238651,2446.579389925092,37569
TIC_229945262,2581.596186676733,2606.930618890317,15456
TIC_229945262,2611.0833515891823,2621.6263367418537,7523
TIC_229945262,2626.201302808909,2635.984605922259,7021
TIC_229945262,2641.1790314118343,2650.4429268558433,6645
TIC_229945262,2656.0901500339364,2665.5485240041253,6107
TIC_229945262,2669.820761150813,2678.401381270358,6038
TIC_229945262,2683.741693494413,2691.5084400646483,5580
TIC_231294802,1385.9510587186726,1406.2163250503713,12897
TIC_231294802,1410.9051631639425,1436.5157329559972,14802
TIC_231294802,2088.241905815165,2141.9256571618525,32002
TIC_232965288,2419.987302639431,2446.576048864288,17968
TIC_232965288,2580.5067880471674,2635.9878810921923,32723
TIC_233494936,1683.3526287983307,1737.4087575171047,35939
TIC_233494936,1790.6570863269214,1926.4931987067832,82617
TIC_233494936,1955.7953295738487,2035.1330357479815,52037
TIC_233494936,2390.6523643284813,2446.5775472130144,37745
TIC_233494936,2580.547807110497,2621.628190526665,24858
TIC_233494936,2625.975350079896,2635.986320447337,7164
TIC_233494936,2640.420960130838,2650.44439273868,7168
TIC_233494936,2655.3040104976762,2664.3149400539864,6459
TIC_233514176,1870.4331491727912,1897.77942425656,18272
TIC_233514176,1985.9354857526196,2035.1357367364533,30648
TIC_233514176,2390.6550501505285,2446.5794105881023,37727
TIC_233514176,2610.3982266195194,2635.984824327309,15560
TIC_239134011,1842.5092264240961,1868.827391205128,16088
TIC_239134011,2501.019004794824,2563.9266399282033,33678
TIC_239134011,2569.0101635736,2606.944917570063,22319
TIC_240454319,1711.3679133470453,1720.131975918644,6217
TIC_240454319,1724.9445634218719,1737.4127057319654,6712
TIC_241467204,1601.3487421433265,1609.6988063251574,5945
TIC_241467204,1615.8918306270489,1623.8959075626742,5722
TIC_241467204,2333.859583987869,2360.555199284863,18429
TIC_241661288,1601.3487302051205,1609.6988145952546,5939
TIC_241661288,1615.8918534257782,1623.8959491783105,5727
TIC_241661288,2333.859577116106,2360.555254668754,18443
TIC_241683370,1601.3487924118806,1609.6988725654282,5941
TIC_241683370,1615.891907228749,1623.895997075299,5731
TIC_243153498,1764.690037867624,1772.622006987915,5561
TIC_243153498,1777.735867340433,1788.0050964511445,7268
TIC_243153498,2447.6944288184823,2455.4602659395387,5459
TIC_243153498,2461.243978541509,2482.113007895777,12972
TIC_243153498,2487.1867619670365,2498.2758069336483,7895
TIC_243400994,1683.3576441853138,1720.480164479394,20874
TIC_243400994,1724.9453866529159,1734.178484883963,6522
TIC_243400994,2419.9935833918757,2446.58266998766,18243
TIC_24401034,1438.1137994684327,1463.6946069896505,16678
TIC_24401034,1468.2751512331452,1490.047000749892,14412
TIC_24401034,2174.231644346718,2200.1206391950777,17209
TIC_244161191,1385.9542208993234,1406.2191388898373,12905
TIC_244161191,2115.8913742987406,2141.900536123157,15907
TIC_24452802,1438.1097032161176,1463.7002763163555,17016
TIC_24452802,1468.2752708626938,1490.0471355807208,14403
TIC_24452802,2174.231726084709,2227.5743800298237,34650
TIC_245066871,1601.3487860724151,1609.6987692007772,5940
TIC_245066871,1615.8917352358687,1623.8957367981611,5736
TIC_245066871,2308.188350125304,2360.554974343919,34179
TIC_245271960,1601.348815389984,1609.6988087074808,5944
TIC_245271960,1615.8917814178271,1623.8957913117306,5716
TIC_245271960,2308.167514750491,2360.5550345241213,34207
TIC_245339150,1601.348725548555,1609.6987331408984,5926
TIC_245339150,1615.8917176562238,1623.8957435190507,5727
TIC_245339150,2308.0979473768275,2360.554998962034,34309
TIC_245821503,1437.9886528383195,1463.716486732862,17233
TIC_245821503,2174.2342707805656,2200.231279419794,17171
TIC_245821503,2474.1690077873677,2524.444802558427,31716
TIC_245865895,1437.9886285219532,1463.7206805663889,17243
TIC_245865895,2174.2342583911814,2200.2313188869166,17168
TIC_245865895,2474.168898474196,2524.444761140184,31526
TIC_245936201,1438.067763910771,1463.7179128084347,17098
TIC_245936201,2174.234234372372,2200.2313396437685,17130
TIC_245936201,2474.2521428711398,2524.444713304197,31294
TIC_246861224,1354.1128989625595,1381.5188660950287,17997
TIC_247439284,1468.2777323469259,1490.0495926444305,14557
TIC_247439284,2474.175605367441,2550.629797475618,48199
TIC_250081915,2447.6963592683114,2453.5965550830624,4180
TIC_250081915,2461.2453549186675,2470.8329321441847,6672
TIC_25171265,1955.7918123097807,1982.2769843237588,17178
TIC_251845153,1354.1128100337355,1381.5186472262162,14079
TIC_251845153,2088.4431283923964,2097.896063096934,1699
TIC_251845153,2102.3377758435017,2110.761367819125,2049
TIC_251845156,1354.9392231148445,1381.5186469621865,15180
TIC_251845156,2088.270901072733,2112.555794869963,14382
TIC_251846450,1354.1128076290606,1381.5186502665188,18189
TIC_251846450,2088.2445098633234,2112.566909263332,14796
TIC_251878167,1354.1127296345205,1381.5187179918307,18257
TIC_255236579,1629.4827123844855,1639.000765568241,6614
TIC_255236579,1644.2465189342456,1652.8963370710126,6194
TIC_255488269,1629.2551167301026,1639.0009471244546,6715
TIC_255488269,1644.0314220191333,1652.8965062136276,6342
TIC_255488269,2361.777061429494,2387.7405033921737,17874
TIC_255551163,1438.1203712825213,1463.619413520914,17025
TIC_255551163,1468.2736312944267,1529.0663157382694,38527
TIC_255551163,1534.9995310178501,1542.0007508233416,5010
TIC_256168939,1601.348479866914,1609.6985135572445,5933
TIC_256168939,1615.8915211418955,1623.8955788499004,5634
TIC_256168939,2333.859311885539,2360.554859310071,18459
TIC_257048637,1683.3523094169695,1737.40824851352,34256
TIC_257048637,1842.505181007479,1926.4936943736495,51634
TIC_257048637,2010.2665435000754,2035.132816197765,16646
TIC_257048637,2390.6522233030764,2446.577069612405,37264
TIC_257048637,2580.6049517156084,2635.9868144463794,32093
TIC_257048637,2640.4214648257753,2650.444901103843,7074
TIC_257048637,2655.304514402444,2664.315427928074,6335
TIC_258101273,1629.178327369187,1638.9991577395615,6831
TIC_258101273,1643.9616076687455,1652.893422651519,6387
TIC_258382306,1571.3569865930394,1595.6851639322906,14900
TIC_258382306,2308.4041045175672,2332.5834470096547,15387
TIC_258382313,1571.3542083223824,1595.68516347082,14905
TIC_258382313,2308.4013262478925,2332.583446542596,15359
TIC_258908663,1602.6560618026456,1609.6990568234562,4868
TIC_258908663,1615.891983594919,1617.235009015502,901
TIC_258908663,1621.5973950008672,1623.5917760426125,1170
TIC_258908663,2308.269338260101,2332.5835567525155,13454
TIC_260778617,1571.1993129385926,1595.684504848761,15122
TIC_260778617,1601.3483898550528,1609.6983337398099,5927
TIC_260778617,1615.8912793109507,1623.8952580588666,5702
TIC_260778617,2308.2367113801897,2332.58282007864,15636
TIC_264599508,1491.641544218216,1516.0911176867999,16203
TIC_264599508,2201.738024043813,2227.5773354570006,17399
TIC_264599508,2500.241066637161,2578.7062345842114,47425
TIC_266002317,2201.7380364521937,2227.576749735565,17419
TIC_266011945,2447.6950250581795,2455.4038595853417,5491
TIC_266011945,2461.244475789533,2482.128579680745,12934
TIC_266011945,2487.187001244343,2498.350916292376,7959
TIC_266271836,1628.4602383193771,1639.0005086368355,6985
TIC_266271836,1643.071279880108,1652.8960802397244,6934
TIC_266271836,2361.776625532349,2389.721963724009,19098
TIC_266744225,1491.6426883665958,1516.091211193449,9250
TIC_266744225,2229.0896752840554,2254.0698423442896,15962
TIC_266842406,1571.0753205088408,1595.6839162342676,15424
TIC_266842406,1601.3477689939807,1609.6976701307985,5938
TIC_266842406,1615.8905968021447,1623.8945569371133,5720
TIC_266842406,2308.5084924406224,2332.582189505969,15106
TIC_268018088,2474.1688778164607,2524.444783019697,31487
TIC_268862481,1385.952939516155,1406.2185047437274,12706
TIC_268862481,2115.9359130609555,2141.812585979748,16159
TIC_269077806,1438.064542036639,1463.6079173259332,16725
TIC_269077806,2174.233824032016,2200.1075075812987,15601
TIC_269919096,2553.329802084649,2578.7002617160933,16522
TIC_274801993,1790.6591648402136,1841.1506267862956,31906
TIC_274801993,1955.7932461962728,2009.3025201590024,35274
TIC_276453848,1601.3492829665802,1609.6995153536502,5951
TIC_276453848,1615.8926478305216,1623.8968598675244,5724
TIC_276453848,2334.4796310805714,2360.556242973413,17674
TIC_277725683,1711.3676280675738,1720.1316809066186,6212
TIC_277725683,1724.944265034501,1761.9983055304072,21080
TIC_279640409,1468.2770017903506,1490.0488885788602,14356
TIC_280675564,1570.879829729644,1595.6830963794855,15372
TIC_280675564,1601.3470232984155,1609.6970434473153,5290
TIC_280675564,1615.890067944785,1623.8941607389706,5690
TIC_280675564,2307.7602517889604,2360.5534800127084,34365
TIC_280945693,1601.3470146550437,1609.6970444016886,5944
TIC_280945693,1615.8900758603281,1623.894177692534,5745
TIC_280945693,2307.704660311925,2360.553503495541,35043
TIC_281573523,1354.1118599919475,1381.517160040408,17164
TIC_281573523,2061.854209095182,2112.4543128025407,27843
TIC_281757097,1601.347400189247,1609.69745534633,5942
TIC_281757097,1615.8904977985342,1623.8946101451388,5721
TIC_281757097,2307.260479545705,2360.553939972905,35754
TIC_284865356,2500.4001779372925,2524.4413916462504,15145
TIC_284865356,2552.696472354299,2606.9451285896453,33177
TIC_287132854,1842.503226543432,1868.8207759712332,17552
TIC_287132854,1930.1066955346714,1954.873703173669,14358
TIC_287132854,2390.654249119294,2446.5799703252624,37781
TIC_287132854,2580.9680002008567,2606.938400878643,16621
TIC_287132854,2665.270308118509,2678.401039222992,6825
TIC_287132854,2682.798324763713,2691.508210267788,6242
TIC_287354092,1385.9476434855762,1406.2126183995733,12446
TIC_287354092,1468.2709246145926,1490.0434790781505,14331
TIC_287354092,1544.4738186738375,1595.681585115507,30166
TIC_287354092,1601.3455086571762,1609.6955475736233,5908
TIC_287354092,1615.8886126493992,1623.8927723020686,5651
TIC_287354092,1628.4552532692442,1638.9968546710684,7239
TIC_287354092,1643.0676509096418,1652.8925427578477,6991
TIC_287354092,1657.0230445664124,1682.3573226153776,17056
TIC_287354092,2036.2796062066143,2060.165231693649,15653
TIC_287354092,2115.884845089668,2141.913634102005,16326
TIC_287354092,2201.7317605965795,2227.5710749281247,17145
TIC_287354092,2282.3069979055567,2332.5799246924857,29956
TIC_287354092,2361.7729815018147,2389.718525262211,19013
TIC_288354068,1816.092661469808,1841.0561130674726,16563
TIC_290674357,1570.8819257842097,1595.6836387857113,15407
TIC_290674357,1601.3475126390451,1609.6974474485294,5920
TIC_290674357,1615.8904025042586,1623.8944013948196,5708
TIC_290674357,2307.2609221488424,2360.553649011434,35089
TIC_291074569,1899.8451176436088,1926.497042493219,15937
TIC_291074569,2526.5388456957085,2578.702080826189,32591
TIC_291074569,2639.885415943294,2650.4494977646523,7507
TIC_291074569,2655.766174822219,2664.320282115058,6056
TIC_294159330,1385.9475082282493,1406.2131677602067,12616
TIC_294159330,1468.2728588936136,1529.0664234165051,38589
TIC_294159330,1534.9997337881948,1595.6807228231326,35582
TIC_294159330,1657.0210487314725,1682.3554270445886,17150
TIC_294159330,2088.2385414359383,2097.5525134337117,6663
TIC_294159330,2102.326167936269,2111.5485166608287,6577
TIC_294159330,2115.884685518768,2141.3990623683,15706
TIC_294159330,2229.0937990856355,2267.1494013579945,24553
TIC_294159330,2272.0132615158404,2305.9891649450133,20954
TIC_294159330,2361.771244344701,2389.716521076899,19019
TIC_294993587,1628.646464999252,1639.00064840367,6368
TIC_294993587,1643.2130922003196,1651.7948831864953,5788
TIC_294993587,2361.7767474047514,2389.704082137016,14496
TIC_297855749,1628.4589151638256,1639.0006075190786,7291
TIC_297855749,1643.071390309354,1652.8962172065415,7004
TIC_297855749,2361.7767002453743,2389.722115476503,19238
TIC_29853348,1385.9537834901246,1406.2192866375967,12863
TIC_29853348,2115.892307225399,2141.450839259723,15693
TIC_301048970,1629.2567140559865,1639.00111230397,6772
TIC_301048970,1643.9982291766266,1652.896601195635,6383
TIC_302417238,2174.2338969653315,2200.0023769228906,12851
TIC_302417238,2474.1759615893043,2550.629869485945,47685
TIC_302769205,1410.907779081666,1436.535998863863,14762
TIC_302769205,2144.5200503142364,2169.949532682779,16132
TIC_302904748,2474.175834952452,2550.629830458873,47051
TIC_303048907,1571.1627572348611,1595.6825471617105,15125
TIC_303048907,1601.3464576194187,1609.6964593574685,5927
TIC_303048907,1615.889481034893,1623.8935756137255,5715
TIC_305535780,2255.925389005774,2267.1531553081045,7782
TIC_305535780,2272.0169807562565,2279.983457657222,5687
TIC_307255082,1570.8805987566873,1595.6837993156878,15644
TIC_307255082,1601.3477026039527,1609.6976630231775,5939
TIC_307255082,1615.8906329858896,1623.8946493727415,5736
TIC_307255082,2308.062428449425,2360.553896409127,34407
TIC_307757953,1842.508904701829,1868.8269966539008,16120
TIC_307757953,2580.457298748225,2606.9445187450924,15888
TIC_308186412,1544.3589736544836,1595.6818280394712,30562
TIC_308186412,1601.3457204842364,1609.695702666724,5936
TIC_308186412,1615.88872371504,1623.8928246569014,5700
TIC_308186412,2088.2391477870146,2112.437285025034,14584
TIC_308186412,2282.060194600091,2389.718329875665,66261
TIC_308245136,1410.9059268840767,1436.4057500884524,14480
TIC_308245136,2115.9301440315194,2169.9470202319667,33167
TIC_309028466,1544.4628160027871,1568.4792242128308,15417
TIC_311091687,2144.519907124788,2169.9495275917043,16219
TIC_311092148,2144.5198866845853,2169.949478023457,16132
TIC_312185848,2526.430768490746,2578.704902300121,32385
TIC_312617534,1601.3502695103964,1609.6989787501716,5696
TIC_312617534,1615.8920244934368,1623.8961278637219,5634
TIC_312617534,2333.8597322595456,2360.555437390518,18271
TIC_316295827,1601.3477997658576,1609.697923514848,5834
TIC_316295827,1615.8910074565415,1623.895169640313,5719
TIC_318886387,1410.9081100033945,1436.4929026887862,14728
TIC_318886387,2447.6927115597346,2457.0518786644548,6677
TIC_318886387,2461.242512330889,2498.393448505982,21741
TIC_319739812,1657.0267763084107,1682.3615815443356,17064
TIC_319739812,2036.2837195058728,2060.5958329240134,16615
TIC_321805583,1601.3478893709635,1609.6980224986053,5939
TIC_321805583,1615.8911114321882,1623.8952792290406,5731
TIC_321805583,2333.8587404104546,2360.5546438346714,18449
TIC_322275995,2014.012680035302,2035.1378939151832,11609
TIC_322275995,2390.657145805274,2418.8569905951445,19300
TIC_32545814,1438.040360358762,1463.7366099042215,17235
TIC_32545814,1468.2755223721908,1490.0474455451454,14554
TIC_32545814,2174.23187113412,2227.5746895309,34815
TIC_326538701,1601.3473291752027,1609.6974059415302,5931
TIC_326538701,1615.8904650006127,1623.894599388829,5728
TIC_327039106,1601.3471937022266,1609.6972886363296,5945
TIC_327039106,1615.890363032898,1623.8945184394352,5722
TIC_327039106,1628.4569749563445,1638.9984967389369,7289
TIC_327039106,1643.0692409261242,1652.8939944350927,7016
TIC_327873544,1816.089381388928,1841.0699941985733,16675
TIC_328480578,1601.347230646629,1609.6973318282764,5941
TIC_328480578,1615.8904099776096,1623.8945698703271,5735
TIC_328480578,1628.4570282759591,1638.998553706076,7293
TIC_328480578,1643.0692985754572,1652.8940531798942,7022
TIC_332213483,1601.34895081914,1609.6990844380546,5865
TIC_332213483,1615.8921539426185,1623.896287359698,5718
TIC_332213483,2333.8598118233645,2360.555617686652,18372
TIC_333734230,1544.283586016969,1568.4798266286373,15822
TIC_333734230,2282.16406602808,2305.993376925741,15326
TIC_334524122,1601.3491525348536,1609.699362204172,5450
TIC_334524122,1615.892481224829,1623.8966768174694,5550
TIC_334524122,2334.218375373733,2360.556049331892,17696
TIC_335370623,1601.3473917016388,1609.6974974758707,5913
TIC_335370623,1615.8905759427844,1623.894734737706,5729
TIC_335370623,1628.4571903789395,1638.9987073843124,7288
TIC_335370623,1643.0694469737934,1652.8941877238751,7012
TIC_335836484,1601.3473708532847,1609.697481028714,5942
TIC_335836484,1615.890562992977,1623.8947264868866,5718
TIC_335836484,1628.4571849118433,1638.9987083745416,7289
TIC_335836484,1643.069450467417,1652.8941971206873,7024
TIC_335836484,2333.858211811907,2360.554092855045,18410
TIC_336741253,1738.654804718952,1788.3883369593145,29912
TIC_336741253,1955.7927867178507,1982.2778640174874,18070
TIC_337147104,1601.3474457705024,1609.697558940367,5879
TIC_337147104,1615.8906416578366,1623.8948054239252,5670
TIC_337147104,1628.4572629785614,1638.9987834440306,7286
TIC_337147104,1643.0695233918373,1652.8942643053665,7008
TIC_337359464,1601.3474481379242,1609.6975627683353,5821
TIC_337359464,1615.8906464767324,1623.8948114970794,5662
TIC_337359464,1628.4572696875764,1638.998791525582,6975
TIC_337359464,1643.0695319027286,1652.8942737585235,6840
TIC_337359464,2333.858290863265,2360.554178215416,15820
TIC_337757672,1657.0276070688233,1682.3619656657245,17131
TIC_338091463,1628.4593509278875,1639.0011756096426,7293
TIC_338091463,1643.07200153552,1652.896926602023,7002
TIC_339308290,1601.703067790653,1609.6976317524402,5462
TIC_339308290,1615.890722944247,1623.4254551601389,5274
TIC_339308290,1628.4573478579034,1631.7795402852828,2217
TIC_339308290,1637.9808442464139,1638.99887854068,592
TIC_339308290,1643.5904431790625,1652.8943677683194,6278
TIC_339308290,2333.858351376759,2334.8250323343404,694
TIC_339308290,2340.382046754252,2350.88487374423,5942
TIC_339308290,2356.7556881139153,2359.0306724053603,1462
TIC_339397736,1657.0263878463145,1682.3612185399413,17039
TIC_339397736,2036.2833362060971,2059.5594248754724,14842
TIC_340221485,1601.3473558599226,1609.6974987289652,5921
TIC_340221485,1615.8906041152923,1623.8947979228205,5721
TIC_340221485,1628.4572726845722,1638.9988325133213,7300
TIC_340221485,1643.0695871571654,1652.894362344297,7013
TIC_340221485,2333.8582046840297,2360.554186067397,18456
TIC_341448790,1601.3472479836646,1609.6974072877567,5941
TIC_341448790,1615.8905262746532,1623.894738614336,5736
TIC_341448790,1628.4572246991079,1638.9988111315522,7297
TIC_341448790,1643.069576414127,1652.8943769295072,7017
TIC_341448790,2333.8580998862585,2389.720280565749,37731
TIC_343648067,1657.0255036176002,1682.3599193651112,17037
TIC_343648067,2361.7748667840538,2389.721026875569,19251
TIC_344552743,1657.0253512353468,1682.3604438301536,17183
TIC_344552743,2036.2824215033447,2060.644926307837,13516
TIC_344660641,2447.6949402715513,2455.467680437923,5541
TIC_344660641,2461.244413580492,2471.5032244834892,7321
TIC_345135733,1571.2141992148004,1595.6848937849954,10870
TIC_345135733,2309.045897082992,2319.034731011821,4910
TIC_345135733,2323.440208626281,2330.935869336637,5203
TIC_345324572,1764.687672999542,1788.2724869732779,14576
TIC_345324572,1955.7920728842907,1982.276961488428,15688
TIC_345395031,2144.520117012765,2169.9496209498075,16195
TIC_348555880,1628.4587232112106,1639.0005755099403,7274
TIC_348555880,1643.0714208883521,1652.8963961699053,6982
TIC_349005337,2474.168684065859,2524.444696817877,31232
TIC_35001854,1603.9219990115844,1609.6985419636096,1947
TIC_35001854,1615.8916955503037,1623.8959430124894,5484
TIC_35001854,1628.4598223953715,1635.6806147661816,2139
TIC_35001854,1645.534597899318,1652.89551106333,2388
TIC_35001854,2334.0091903508,2360.5553605666023,18043
TIC_350768519,1628.4594194406804,1639.0011471037692,7284
TIC_350768519,1643.0719357553228,1652.8967727499096,7006
TIC_351680104,2390.655796361613,2418.8556524698465,19317
TIC_355373774,1517.8925898762668,1529.0664519797501,7945
TIC_355373774,1534.999895601349,1581.7862571705434,28007
TIC_355373774,1585.801500251645,1595.6819459026026,7059
TIC_355373774,2255.7563397266626,2267.149610522732,7967
TIC_355373774,2272.013577385581,2332.5801477586265,35927
TIC_355794672,1544.1930129802836,1581.7862662497744,23002
TIC_355794672,1585.815406622191,1595.6819846381713,7008
TIC_355794672,1601.345800668316,1609.6956659829755,5935
TIC_355794672,1615.888602640195,1623.8925943524705,5719
TIC_355794672,2255.722906158828,2267.149528280196,7999
TIC_355794672,2272.013503284085,2332.580199538881,35004
TIC_357105141,1601.3464698978796,1609.696615373927,5866
TIC_357105141,1615.9466837282419,1623.8939639481348,3555
TIC_357105141,1629.4023017066586,1638.998103527561,4418
TIC_357105141,1643.118896837979,1652.820161869553,6866
TIC_359766629,1601.3469039309866,1609.6970140556589,5920
TIC_359766629,1615.8914933713822,1623.8942832502166,5620
TIC_359766629,1628.456756121384,1638.9983182572519,7278
TIC_359766629,1643.0690804727487,1652.8938781962563,7022
TIC_359766629,2333.857740808553,2389.7197861619848,37375
TIC_359892714,1601.346889166264,1609.6970035901545,5949
TIC_359892714,1615.8900973223765,1623.8942805037466,5739
TIC_359892714,1628.4567559197526,1638.9983238989712,7293
TIC_359892714,1643.0690883165805,1652.893891193096,6999
TIC_359892714,2333.857726966539,2389.719802181199,37761
TIC_360130454,1544.2265336460528,1595.6823901232144,30848
TIC_360130454,1601.34621174048,1609.696081189513,5925
TIC_360130454,1615.8890134061865,1623.8929953938245,5712
TIC_360130454,2281.9249780317195,2332.580614742392,31576
TIC_360205899,1544.173650856212,1568.4768131494739,15902
TIC_360205899,1601.3462091730566,1609.6960963998733,5950
TIC_360205899,1615.8890412878889,1623.8930395750688,5743
TIC_360205899,2281.913771697618,2360.5522993546397,50149
TIC_360779428,1544.2113527548001,1595.682466801796,30313
TIC_360779428,2281.857020645573,2332.580684632097,31441
TIC_360914079,2036.2861244645896,2060.645870517635,16559
TIC_36124955,1544.3239191325947,1568.4782101970984,15043
TIC_36124955,2282.173720191153,2305.991719960901,14787
TIC_363265095,1629.2216815038641,1638.9995902968026,6763
TIC_363265095,1643.9940458882782,1652.8954103644473,6237
TIC_363782768,1657.0270344803891,1682.3612190494225,17070
TIC_364017175,1628.5245331169958,1638.9996926188858,7250
TIC_364017175,1643.1816516916751,1652.8955279211048,6939
TIC_364200072,1629.172003749744,1639.0011256353866,6786
TIC_364200072,1643.9301888450077,1652.8966156064548,6316
TIC_365637508,1468.277540074915,1490.0492456918466,13427
TIC_365637508,2174.233769892885,2200.0008015503104,16854
TIC_366011855,1601.3488225085007,1609.6990183262587,5945
TIC_366011855,1615.8921342209314,1623.896328584226,5737
TIC_367180237,2474.175824004329,2550.629899076392,47693
TIC_36762220,1410.9078922805695,1436.4910907908538,14610
TIC_36762220,2144.520090067645,2169.9490009855035,16044
TIC_367843143,1816.0899142722428,1841.003436916808,16463
TIC_367844330,1816.0899375939568,1841.0312295859521,16684
TIC_368723998,1601.3496331574204,1609.6997558062858,5949
TIC_368723998,1615.892803934203,1623.896904390845,5732
TIC_368723998,2334.20216876836,2360.556204868445,18197
TIC_369394619,1385.9538443566155,1406.2188255653055,12674
TIC_369394619,2115.8909977714,2141.8405255033413,15908
TIC_369743686,1601.3476965012762,1609.6977575818037,5931
TIC_369743686,1615.8907990316718,1623.8949074425077,5728
TIC_369743686,2333.858527990163,2360.554231278281,18385
TIC_369743688,1601.3476961653016,1609.6977571440818,5910
TIC_369743688,1615.8907985280593,1623.8949068569384,5723
TIC_370705545,1571.1113761776578,1595.6823544654815,15378
TIC_370705545,1601.3462236467403,1609.6961653061026,5942
TIC_370705545,1615.8891485742706,1623.8931960350494,5722
TIC_370825476,1571.0933501471573,1595.6823851267166,15378
TIC_370825476,1601.3462536572135,1609.6961940173803,5923
TIC_370825476,1615.8891758238376,1623.8932211144022,5699
TIC_372515585,1571.1793163459727,1595.6824232678684,14981
TIC_372515585,1601.3463334708595,1609.6963361150863,5930
TIC_372515585,1615.8893606721601,1623.893460153242,5738
TIC_372515585,1628.4558982459826,1638.9973922608428,7281
TIC_372515585,1643.0681398478234,1652.8929116067566,7000
TIC_372515585,2308.1957973354,2360.5527908638533,33973
TIC_372515598,1571.204316444136,1595.6824231989506,14607
TIC_372515598,1601.346333486925,1609.6907807374475,5903
TIC_372515598,1615.889360907552,1623.893460505282,5545
TIC_372515598,1628.4558986597228,1638.9973928113711,7241
TIC_372515598,1643.0681404445684,1652.8929123074604,6914
TIC_372918535,2474.169191207624,2524.444863289972,31519
TIC_375565862,1571.300596131889,1595.6841817450202,15012
TIC_375565862,2308.9032184926627,2332.582447653453,14618
TIC_375729536,1601.3477139004294,1609.6976609889364,5942
TIC_375729536,1615.8906212859167,1623.8946251422892,5737
TIC_375729536,2308.0624753952998,2360.553863137395,34419
TIC_376926030,1683.3530624635168,1897.780500037968,130020
TIC_376926030,1930.272909909076,1940.8699367085776,6851
TIC_376926030,1945.1170832678506,2035.133309987508,58777
TIC_376926030,2390.6525154755677,2446.578249296543,37622
TIC_376926030,2581.111450342515,2621.627521540605,23937
TIC_376926030,2625.97465448822,2635.985574851322,7174
TIC_376926030,2641.188242228617,2650.443617685831,6611
TIC_376926030,2656.126832252304,2678.401429796328,12751
TIC_376926030,2683.1791246127273,2691.5081757328808,5961
TIC_378413560,1570.8800895085724,1595.6829459480725,15224
TIC_378413560,1601.3467829974006,1609.696669518508,5920
TIC_378413560,1615.8896035526573,1623.8935823508646,5707
TIC_37904598,1438.0395565926974,1463.6949653113345,16988
TIC_37904598,2174.2337292335746,2200.16945151995,16866
TIC_381377851,1601.3476623128424,1609.6976534638502,5930
TIC_381377851,1615.890645963171,1623.8946917036808,5729
TIC_381377851,2307.260886569992,2360.5539600550132,35742
TIC_382248311,1657.0260131225275,1682.3606099913245,17139
TIC_382543452,1628.4621713398706,1639.00108562516,7287
TIC_382543452,1643.0774167923223,1652.8966680341846,6846
TIC_382543452,2361.777183426232,2387.6615065593537,17746
TIC_384950919,1544.1157275061926,1595.682275313027,30273
TIC_384950919,2255.69143809216,2267.150023838917,7964
TIC_384950919,2272.0139999898465,2332.5804470666103,36666
TIC_385504478,2474.168579896101,2524.4446677546066,31103
TIC_387720293,2474.1762193864943,2524.444294994932,32376
TIC_388814426,1385.9540186332422,1406.2194479552395,12910
TIC_388814426,2115.89115468212,2141.8329174412743,15960
TIC_388814426,2447.6948488405874,2455.502317610482,5555
TIC_388814426,2461.244329523042,2482.139605815316,12944
TIC_388814426,2487.1869314202,2498.334218530979,7899
TIC_388835414,2526.5030423310573,2578.7024757634217,33026
TIC_388966496,1738.6555027286865,1788.2930957249193,28245
TIC_388978401,2447.6910116380704,2456.093221484856,5980
TIC_388978401,2461.2409300570725,2524.4451286442586,36903
TIC_393794445,1438.1452534782552,1463.5997884369503,16824
TIC_393794445,1468.2761678537067,1490.0479285108715,14352
TIC_393794445,2174.233971156562,2199.5619362823813,13494
TIC_395052612,1601.3460309466013,1609.6962055583774,5945
TIC_395052612,1615.8893574086205,1623.8936236870145,5740
TIC_395052612,1657.0241350942908,1682.3583795742575,17153
TIC_395052612,2334.468000508031,2389.7196307801746,36595
TIC_395130640,1601.346234507872,1609.696377639315,5935
TIC_395130640,1615.8895035403502,1623.8937344212686,5734
TIC_395130640,1628.4562435887756,1638.9978967597951,7265
TIC_395130640,1643.0686998338103,1652.8935980351496,7011
TIC_395130640,2334.118189520564,2389.719571471923,37242
TIC_396731889,1385.9498484732792,1406.2153198817434,12245
TIC_396731889,1410.9042193918453,1463.677331916548,31325
TIC_396731889,2088.2406664713008,2169.9454479661435,46809
TIC_396731889,2174.230122693784,2200.150485647247,17351
TIC_396731889,2361.7703015309626,2389.716655472091,19162
TIC_399020708,1601.3485690444531,1609.698582899941,5923
TIC_399020708,1615.891574778768,1623.8956114905714,5667
TIC_400331058,1570.95468266108,1595.6828861343456,15213
TIC_400331058,1601.3468049244593,1609.6968149931895,5916
TIC_400331058,1615.889836300646,1623.8939270689725,5640
TIC_400331058,2307.972587375823,2360.553247003484,34170
TIC_400513376,2474.172156049753,2550.629549552797,47005
TIC_401299019,1544.0481311326362,1568.4772553965174,16278
TIC_401299019,2255.678112375587,2267.0199749628987,7958
TIC_401299019,2272.014478446897,2305.9907403718203,21723
TIC_404144841,1601.3486311916085,1609.698605428168,5949
TIC_404144841,1615.891568055085,1623.8955665891815,5731
TIC_404144841,2308.259069572861,2360.554803428997,34103
TIC_404378135,1657.024699064729,1682.3594773917175,17125
TIC_405040121,1601.3470800524674,1609.6971710368312,5873
TIC_405040121,1615.8902447016128,1623.8944002362064,5714
TIC_405040121,1628.4568583570867,1638.9983853227218,7265
TIC_405040121,1643.0691329725664,1652.8938956729903,7031
TIC_405089321,1601.7320733087738,1609.1904590278518,3094
TIC_405089321,1616.0168367704405,1623.3834589902938,3183
TIC_405089321,2307.260427012127,2360.288622970651,20172
TIC_405508600,1601.3481622430752,1609.6981514823105,5847
TIC_405508600,1615.8911334392926,1623.8951610269285,5720
TIC_405508600,2308.0988771141724,2360.554423010358,34274
TIC_405514195,1601.3480851393451,1609.698084828019,5944
TIC_405514195,1615.8910756169666,1623.895115266161,5733
TIC_405756510,1601.3480391997634,1609.6980606231784,5847
TIC_405756510,1615.8910676678954,1623.895128649732,5645
TIC_405756510,2308.0625649976128,2360.554415617985,33542
TIC_406173242,1657.2755370572575,1682.3617032920358,17002
TIC_406173242,2036.283854872208,2044.743518236517,6063
TIC_406173242,2049.158736459495,2057.6168546238823,6069
TIC_407624075,1354.1125866350612,1381.5186025264582,18230
TIC_408411330,2447.695951551539,2453.583716793834,4217
TIC_408411330,2461.245109343758,2470.968924143633,6926
TIC_408589330,2447.6932091641224,2455.4022196656165,5508
TIC_408589330,2461.24297670464,2498.4173201443145,21016
TIC_409372963,1930.3325711277264,1940.8744355449924,6823
TIC_409372963,1945.8077990320687,1954.8786483141116,6397
TIC_409676809,1816.0896987264325,1841.1531034743205,16883
TIC_410981161,1601.3470170571093,1609.6970732107075,5936
TIC_410981161,1615.8901233395711,1623.8942491717266,5729
TIC_411128422,1601.3472538568647,1609.6972745454666,5939
TIC_411128422,1615.8902952356889,1623.8943809536859,5735
TIC_411128422,2307.260445574783,2360.553692963108,35737
TIC_411357190,1571.0697415529205,1595.6840590667869,15182
TIC_411357190,1601.3479461755396,1609.6978975588404,5816
TIC_411357190,1615.8908566420746,1623.8948567917832,5633
TIC_411357190,2308.376569775563,2360.5541012682106,33497
TIC_411874804,1601.3482591122645,1609.698228207458,5925
TIC_411874804,1615.8925829543632,1623.8952001196592,5722
TIC_411874804,2308.225412494023,2360.554445815188,34193
TIC_416836609,2447.6912899730696,2457.0060743285603,6544
TIC_416836609,2461.242580418668,2524.4451577117675,38056
TIC_422692632,1412.7471967151005,1436.4786572286682,9861
TIC_422692632,2451.267764058949,2455.459751677046,2926
TIC_422692632,2461.243509590653,2465.441021993337,2940
TIC_422692632,2469.974629884306,2471.526106003234,1070
TIC_422692632,2476.6694650208333,2495.439590939633,10144
TIC_422692635,1412.7471966634118,1432.464920416858,10011
TIC_422692635,2451.2677640643037,2455.459751677512,2925
TIC_422692635,2461.243509584833,2465.4021305926394,2887
TIC_422692635,2470.053801056597,2495.413201494273,12523
TIC_424881692,1657.0268083924734,1682.361606882363,17018
TIC_424881692,2036.2837485696564,2060.595852914387,16601
TIC_427346731,1472.5535888986274,1474.9327242353245,1547
TIC_427346731,1479.486817735329,1482.3742614700054,1874
TIC_427346731,1486.6171982945002,1489.5115381677856,1963
TIC_427346731,2174.2334118556532,2200.087989823852,15890
TIC_428055049,1790.6614230745633,1814.182331597393,14808
TIC_429152610,1544.4933144864933,1568.4799158847302,8467
TIC_429152610,2282.0988137935838,2305.9934910597885,7415
TIC_429152614,1544.372476282623,1568.4799157259397,13285
TIC_429152614,2282.118258585086,2305.993490916365,14367
TIC_430592416,1517.7789922659256,1529.068045640403,8011
TIC_430592416,1535.001419976142,1568.4774224243313,21146
TIC_430592416,2255.72880605918,2267.1511129547503,8008
TIC_430592416,2272.015006046025,2279.9816201471035,5716
TIC_431124765,1738.656905620256,1761.5427181112814,13571
TIC_43149283,1468.277037011617,1490.0493624283793,14446
TIC_43149283,2201.737876158075,2227.576696790808,17037
TIC_434100291,1354.1136691631173,1381.5193296105965,18247
TIC_434100291,2088.246742602176,2112.5273005751746,14720
TIC_43451370,1385.9536385455026,1406.2185279565203,12743
TIC_435801086,1601.3479068513752,1609.6979503827579,5937
TIC_435801086,1615.8909755326188,1623.8950610236059,5735
TIC_436632331,1437.9885420914927,1463.7332431713658,17323
TIC_436632331,2174.234205991666,2200.1522527068473,17213
TIC_436632331,2474.1685772611568,2524.4446261510298,31593
TIC_436722903,2474.168394459706,2524.4445210102995,31693
TIC_436783866,1601.3477800006315,1609.6978427903687,5937
TIC_436783866,1615.8908839205606,1623.8949911495474,5734
TIC_436783866,2333.8586126436603,2360.554313345728,18449
TIC_437230158,1544.3560716033785,1568.4798359958795,15639
TIC_437230158,2282.310087838583,2305.993310474897,15090
TIC_438627800,1601.3489648374552,1609.6989675515308,5947
TIC_438627800,1615.891944109636,1623.8959576701568,5737
TIC_438627800,2308.0981775615837,2360.555202103511,34385
TIC_438789953,1601.3488697368473,1609.6988836682376,5896
TIC_438789953,1615.8918699703054,1623.8945080316876,5652
TIC_438789953,2333.8597004786284,2360.5551517273416,18351
TIC_440685559,2447.690899595043,2456.4764833526656,6293
TIC_440685559,2461.2408260238485,2498.5550356328995,22273
TIC_440686535,2447.6908774856342,2456.4959073604164,6305
TIC_440686535,2461.2408038009785,2498.557797063344,22276
TIC_442571495,1629.0026709875176,1639.001187899889,6918
TIC_442571495,1643.2732982556852,1652.8966056501508,6885
TIC_442571495,2334.1977734735824,2360.4509999719503,18128
TIC_443480340,1601.3479872934788,1609.6980687804478,5707
TIC_443480340,1615.8925082332364,1623.8952368259236,5449
TIC_443480340,2333.8588263412125,2360.5545643618416,13205
TIC_444536794,1543.9978500313157,1595.6827669071756,31932
TIC_444536794,2281.568524971568,2332.5809566136318,33522
TIC_44743153,1410.9061526192695,1463.675470014132,31681
TIC_44743153,2144.518401988344,2169.947817921689,16409
TIC_447993848,1601.3470754801388,1609.6971646086097,5889
TIC_447993848,1615.8902370419503,1623.894391034041,5666
TIC_447993848,1628.4568483954276,1638.998373746615,7083
TIC_447993848,1643.0691209175268,1652.8938825916337,6998
TIC_449941032,1816.0894900002802,1841.1528793291914,16811
TIC_451922999,1571.1614289312072,1595.683856611229,15226
TIC_451922999,2308.548750040329,2332.582116788069,15056
TIC_452591471,1571.1512449232318,1595.6821339008222,14792
TIC_452591471,1601.3460530137766,1609.6960720937511,5892
TIC_452591471,1615.8891133493225,1623.8932370291916,5725
TIC_452591471,1628.455691775959,1638.9972267067305,7166
TIC_452591471,1643.06799234216,1652.8928083066685,6998
TIC_452591471,2308.3899462210225,2389.7187406544213,51642
TIC_453766186,1571.0709549002859,1595.6825239897062,15299
TIC_453766186,1601.346460836953,1609.6965021864798,5727
TIC_453766186,1615.889551896481,1623.8936825079513,5610
TIC_453766186,1628.4561352452265,1638.9976603000202,7214
TIC_453766186,1643.068416546205,1652.893206247533,6940
TIC_453766186,2308.152749852542,2360.5530339560423,26436
TIC_453808153,1601.3463548484854,1609.696430534479,5907
TIC_453808153,1615.8895064912458,1623.893671901817,5689
TIC_453808153,1628.4561445966362,1638.9977153300085,7302
TIC_453808153,1643.0684886561835,1652.893318206127,6965
TIC_453808153,2308.074780002985,2389.7192526705435,53489
TIC_453856042,1438.1283287149524,1463.6618403901687,17091
TIC_453856042,1468.2743301335768,1490.0462715695335,14458
TIC_453856042,2174.2308671067176,2227.573569117993,34569
TIC_454120432,1438.1094168392358,1463.719001687542,17085
TIC_454120432,2174.2341521011986,2200.0518165216326,16946
TIC_454196756,1437.9894182620071,1463.6913007708265,17197
TIC_454196756,2174.233742380637,2199.904825578502,16841
TIC_454323762,2308.075045680328,2389.719327471695,53313
TIC_454544943,1601.3467617273425,1609.6968243291851,5840
TIC_454544943,1615.889883654859,1623.8940237506854,5660
TIC_454544943,1628.7495307629856,1638.998000819445,6761
TIC_454544943,1643.0687518392801,1652.893526027568,6897
TIC_454544943,2307.9085128038864,2360.553379512758,34375
TIC_454715223,1601.3467961660215,1609.6968712701712,5944
TIC_454715223,1615.889938832229,1623.8940892012424,5733
TIC_454715223,1628.456548401758,1638.998081852425,7296
TIC_454715223,1643.0688359477206,1652.8936166538692,7014
TIC_454715223,2307.804339680484,2332.581222133417,16286
TIC_454757744,1601.3467352870944,1609.6968231734138,5936
TIC_454757744,1615.8899008941055,1623.8940649207316,5729
TIC_454757744,1628.4565322139747,1638.9980844459255,7299
TIC_454757744,1643.068845822068,1652.8936437069274,7017
TIC_454757744,2333.857565271012,2389.719554632399,37684
TIC_454980196,1601.3467696473097,1609.696872971465,5938
TIC_454980196,1615.889961006554,1623.8941379867126,5690
TIC_454980196,1628.4566117132995,1638.9981776803954,7289
TIC_454980196,1643.068943202553,1652.8937500276438,7001
TIC_454980196,2333.8576036999425,2389.719665174335,37696
TIC_455029978,1438.0437612444898,1463.6733180203205,16929
TIC_459350219,2334.196556516305,2360.5565754230233,17837
TIC_460844584,1601.3495676928458,1609.6996922430067,5936
TIC_460844584,1615.8927430340402,1623.8968473635875,5706
TIC_460844584,2334.2021027649203,2360.5436510257146,18015
TIC_461066586,1570.880379860492,1595.6832199063867,15633
TIC_461066586,2281.554667274468,2332.581456025816,33612
TIC_461995467,2334.1965490755038,2360.556601120076,18223
TIC_462320070,1543.961692006393,1595.6828910901934,31951
TIC_462320070,2281.6198939397345,2332.581098055919,33407
TIC_462492721,1544.0854810154583,1595.6829737434423,31726
TIC_462492721,2281.7061765686512,2332.581163682496,32633
TIC_46430860,1468.2764386051545,1490.0482799120605,14388
TIC_46430860,2174.2327158218563,2199.9094305291533,17221
TIC_464779449,1438.3275684961554,1463.7175732249887,16876
TIC_464779449,2174.234214637181,2200.2309043901632,17088
TIC_464781450,1438.2733079444233,1463.7160737475494,16903
TIC_464781450,2174.234116458409,2200.1766282466683,17045
TIC_466265409,1657.9191718800814,1667.6943560629986,6878
TIC_466265409,1671.9749446288388,1682.3610669522916,7315
TIC_466265409,2036.2831156093068,2059.7218475016907,15585
TIC_467368706,1570.8801396526096,1595.6832460907538,15486
TIC_467368706,1601.3471320526776,1609.6970890432392,5912
TIC_467368706,1615.8900667699213,1623.892709529826,5646
TIC_467368706,2307.3049621443092,2360.553372987912,35284
TIC_47330198,1518.0952883170405,1529.0703052794631,7715
TIC_47330198,1535.0035725384848,1542.0047974779507,4974
TIC_47590073,1468.275363820624,1516.0890981647376,30727
TIC_47596872,1468.275988286846,1490.048324098099,14527
TIC_48064387,1601.3496494564965,1609.6997904351874,5934
TIC_48064387,1615.892851149929,1623.896967792492,5725
TIC_48064387,2334.1994126492564,2360.556279705802,18147
TIC_48364505,1601.3495843305059,1609.6997450076003,5929
TIC_48364505,1615.8928209387561,1623.8969576853135,5732
TIC_48364505,2334.2118527228754,2360.5562845333125,18191
TIC_49954689,1438.1523809807309,1463.7089317630773,17172
TIC_50745567,1468.2771924693307,1490.0489682213718,14366
TIC_50745567,2174.23340643163,2200.135179544317,17105
TIC_52583022,2474.175753434718,2550.629794721697,48298
TIC_53205995,2526.553226325305,2578.702619151544,32280
TIC_54147487,2282.138684586269,2305.992803897353,14654
TIC_55000645,1790.6604775326934,1814.297860408427,15057
TIC_55000645,1955.7918738907392,2009.3017154153208,31981
TIC_56459273,2474.16925187903,2524.4449312509523,30966
TIC_5714469,1572.3843354180099,1581.789841255681,6743
TIC_5714469,1586.3036422907385,1595.6853330991632,6633
TIC_57151431,1571.0892235934384,1595.6804980669006,12089
TIC_57151431,2282.0719908013593,2292.858326916129,4885
TIC_57151431,2297.0361402021413,2304.261161554435,2432
TIC_57513388,1571.0892878891552,1595.6514682835239,15146
TIC_57513388,2282.071990323125,2305.9931743522798,15431
TIC_57830249,1571.2909047952219,1595.6849950015987,14649
TIC_57830249,2282.11110633579,2305.993400339565,15182
TIC_58172624,2474.1691487590365,2524.444910175497,31316
TIC_58543110,2474.168959626048,2524.4448203624734,31500
TIC_58583881,1629.174785841623,1639.0011284661416,6585
TIC_58583881,1643.9190800087204,1652.8966162020356,6400
TIC_58825604,2447.6947552384304,2455.323052134806,5472
TIC_58825604,2461.2442481086373,2482.106217429026,13113
TIC_58825604,2487.186885680668,2498.200858351046,7890
TIC_58833495,1630.144125256338,1639.0010403070034,6074
TIC_58833495,1644.9842598047321,1652.896560564216,5659
TIC_59836633,2474.1684337016713,2524.444573443247,31651
TIC_60874953,2474.1690788609008,2524.444877760397,31329
TIC_60922830,1764.6899104562244,1772.6372842939138,5575
TIC_60922830,1777.735944510801,1787.7275604302295,7080
TIC_60922830,2447.693682533549,2455.479045197237,5595
TIC_60922830,2461.243373880005,2498.396580567051,21932
TIC_61530691,1601.3497138299786,1609.6999111122416,5897
TIC_61530691,1615.8930099311144,1623.8971758271375,5724
TIC_62632828,2474.176067198181,2550.62994704551,48199
TIC_63777591,1790.6621545340079,1814.2631066974564,14518
TIC_64360693,2201.7363691274163,2254.0682645569063,34116
TIC_64703341,1683.3566996645907,1720.1002643159998,19923
TIC_64703341,1724.9446980841794,1733.7779131800476,6247
TIC_64703341,2419.992647862141,2446.581891313136,18267
TIC_67568168,1790.6619462129327,1814.3059139451386,14620
TIC_68565222,1628.48327533989,1639.0013300048126,7205
TIC_68565222,1643.0720916782798,1652.8968643585235,7010
TIC_686220013,1438.1216511114142,1463.6215974134811,16988
TIC_686220013,2174.232492480596,2200.0822556472613,17382
TIC_71374255,1410.9073059464235,1436.4238589923755,14638
TIC_72499619,1571.3888547056708,1595.6849673342858,14741
TIC_72499619,2308.3345464305867,2332.5832231634795,15509
TIC_72499657,1571.3833011306185,1595.6849688509444,14858
TIC_72564426,1571.4040035557978,1595.684880591367,14537
TIC_72564426,2308.2372017548673,2332.583149702617,15661
TIC_72987984,1571.3916121147024,1595.6849986029754,14841
TIC_73182755,1571.4053460348925,1595.6848992406358,14777
TIC_73182755,2308.221893830937,2332.5831852386277,15765
TIC_73308877,1571.4150586351907,1595.6849003624136,14743
TIC_73308877,1601.3487594687201,1609.698659965021,5932
TIC_73308877,1615.8915678595072,1623.895494924375,5721
TIC_73308879,1571.4220034617686,1595.6849006702162,14747
TIC_73308879,1601.3487598025993,1609.698660334756,5930
TIC_73308879,1615.8915682487998,1623.8954953360196,5731
TIC_73308879,2308.2191090350198,2332.5831896153777,15754
TIC_77842052,1438.1322476834848,1463.6282403420464,17048
TIC_77842052,2174.232020370879,2200.0625736467027,17345
TIC_77951245,1438.1113180574966,1463.6962238231365,17105
TIC_77951245,1468.2753624394095,1490.047111639677,14482
TIC_77951245,2174.2319290776404,2200.136120281246,17554
TIC_77954300,1438.1181828668234,1463.690584577452,16797
TIC_77954300,1468.2752795142148,1490.0470410363455,13887
TIC_77954300,2174.231847175969,2200.1388159230564,17322
TIC_80033631,1468.275947402949,1490.0485601082778,14382
TIC_82525365,2640.460428990625,2650.449389304174,7170
TIC_82525365,2655.8771218152124,2664.320033106828,6024
TIC_83211097,1601.349882771941,1609.699891791071,5930
TIC_83211097,1615.8928544184535,1623.8968430502628,5735
TIC_83211097,2334.209332650738,2360.4727313447547,18069
TIC_84900299,1816.0887402850503,1841.101096604996,16769
TIC_90723908,1657.0273754971845,1682.361810612945,16216
TIC_91542943,1385.9520163619306,1406.217633574299,12802
TIC_91542943,1410.9065340731158,1436.442271192347,14676
TIC_91542943,2115.8891599503304,2169.9473980329967,32305
TIC_91853165,1657.0276098096579,1682.3623343842,17205
TIC_93242288,1468.2759756729654,1490.0479160653754,14212
TIC_93242288,2174.2322254571905,2227.57516284814,34676
TIC_950715112,2419.986857503843,2446.575778514198,17863
TIC_950715112,2580.461465507488,2635.988069555094,32298
TIC_97882429,1628.4601043598004,1639.0003635800851,7278
TIC_97882429,1643.0711324773556,1652.8959284234345,7026
TIC_97882429,2333.85928107562,2389.7218109400746,37647
TIC_99135067,1842.5087215828562,1868.827133309191,16226
TIC_99135067,2580.318315830368,2606.944748683466,16331
TIC_9966678,1410.907492108071,1436.4341133139612,14489
